,label
0,8
1,1
2,7
3,5
4,9
5,4
6,9
7,6
8,4
9,8
10,1
11,8
12,2
13,8
14,4
15,7
16,1
17,8
18,7
19,1
20,6
21,7
22,0
23,7
24,3
25,4
26,8
27,5
28,9
29,4
30,8
31,9
32,0
33,2
34,1
35,0
36,0
37,6
38,6
39,7
40,9
41,0
42,5
43,9
44,9
45,9
46,5
47,1
48,9
49,9
50,0
51,6
52,5
53,1
54,1
55,1
56,5
57,7
58,0
59,2
60,2
61,2
62,6
63,5
64,7
65,8
66,8
67,8
68,2
69,4
70,3
71,0
72,5
73,9
74,2
75,8
76,6
77,4
78,1
79,5
80,7
81,7
82,2
83,0
84,7
85,0
86,8
87,9
88,9
89,0
90,9
91,8
92,9
93,8
94,3
95,7
96,5
97,1
98,1
99,4
100,7
101,8
102,0
103,7
104,8
105,5
106,3
107,5
108,0
109,8
110,4
111,6
112,4
113,0
114,5
115,3
116,1
117,8
118,7
119,9
120,6
121,7
122,8
123,7
124,6
125,7
126,2
127,1
128,3
129,6
130,2
131,3
132,3
133,0
134,6
135,7
136,9
137,5
138,1
139,2
140,4
141,4
142,9
143,6
144,4
145,7
146,2
147,8
148,7
149,5
150,2
151,5
152,1
153,5
154,9
155,2
156,5
157,7
158,4
159,5
160,9
161,3
162,8
163,6
164,8
165,1
166,3
167,9
168,2
169,7
170,4
171,4
172,3
173,6
174,6
175,1
176,2
177,9
178,9
179,3
180,0
181,5
182,2
183,2
184,0
185,0
186,6
187,3
188,5
189,4
190,3
191,7
192,6
193,2
194,8
195,9
196,2
197,1
198,3
199,3
200,3
201,0
202,3
203,5
204,7
205,0
206,9
207,7
208,2
209,1
210,9
211,8
212,0
213,0
214,3
215,3
216,1
217,6
218,9
219,2
220,8
221,1
222,9
223,1
224,3
225,9
226,5
227,3
228,2
229,1
230,3
231,1
232,1
233,6
234,9
235,3
236,1
237,8
238,3
239,8
240,0
241,3
242,5
243,2
244,2
245,3
246,7
247,3
248,1
249,9
250,7
251,0
252,6
253,1
254,8
255,4
256,1
257,7
258,3
259,3
260,7
261,9
262,6
263,4
264,5
265,8
266,0
267,8
268,0
269,8
270,7
271,6
272,8
273,8
274,6
275,6
276,4
277,1
278,2
279,6
280,8
281,1
282,8
283,1
284,4
285,3
286,5
287,5
288,4
289,0
290,6
291,0
292,6
293,1
294,1
295,4
296,2
297,8
298,1
299,1
300,3
301,4
302,3
303,3
304,6
305,5
306,2
307,2
308,2
309,6
310,6
311,5
312,2
313,4
314,3
315,7
316,7
317,9
318,1
319,8
320,4
321,7
322,5
323,0
324,8
325,7
326,4
327,2
328,3
329,0
330,4
331,4
332,7
333,8
334,6
335,0
336,5
337,3
338,0
339,6
340,1
341,9
342,0
343,6
344,0
345,7
346,5
347,6
348,6
349,9
350,6
351,5
352,7
353,5
354,5
355,1
356,5
357,4
358,1
359,1
360,8
361,3
362,1
363,6
364,7
365,2
366,6
367,6
368,9
369,0
370,4
371,8
372,0
373,0
374,0
375,3
376,8
377,5
378,1
379,4
380,0
381,2
382,4
383,2
384,5
385,6
386,5
387,1
388,6
389,5
390,7
391,9
392,5
393,0
394,7
395,5
396,2
397,5
398,9
399,1
400,8
401,2
402,7
403,5
404,7
405,6
406,0
407,2
408,7
409,9
410,6
411,9
412,0
413,6
414,0
415,7
416,0
417,2
418,4
419,1
420,9
421,0
422,6
423,6
424,7
425,0
426,8
427,6
428,5
429,2
430,8
431,1
432,5
433,7
434,1
435,2
436,8
437,9
438,0
439,7
440,3
441,3
442,2
443,4
444,4
445,9
446,5
447,6
448,3
449,1
450,4
451,8
452,6
453,4
454,7
455,1
456,2
457,8
458,2
459,5
460,6
461,4
462,0
463,2
464,7
465,0
466,3
467,7
468,5
469,3
470,3
471,8
472,4
473,5
474,1
475,5
476,1
477,3
478,2
479,2
480,3
481,0
482,4
483,3
484,3
485,6
486,7
487,4
488,7
489,9
490,1
491,8
492,6
493,2
494,4
495,0
496,4
497,3
498,6
499,2
500,2
501,0
502,9
503,8
504,9
505,1
506,4
507,6
508,2
509,3
510,1
511,3
512,2
513,8
514,6
515,5
516,1
517,5
518,4
519,7
520,5
521,6
522,5
523,4
524,1
525,1
526,2
527,6
528,4
529,2
530,3
531,8
532,0
533,2
534,9
535,3
536,2
537,4
538,7
539,9
540,2
541,1
542,8
543,0
544,8
545,3
546,5
547,2
548,7
549,1
550,1
551,1
552,1
553,2
554,3
555,8
556,0
557,8
558,0
559,3
560,3
561,1
562,6
563,5
564,4
565,3
566,0
567,3
568,0
569,1
570,9
571,9
572,8
573,3
574,5
575,2
576,3
577,6
578,6
579,1
580,0
581,7
582,2
583,2
584,5
585,0
586,8
587,8
588,1
589,2
590,6
591,7
592,4
593,1
594,6
595,8
596,3
597,6
598,3
599,6
600,1
601,5
602,4
603,6
604,9
605,2
606,6
607,7
608,0
609,1
610,1
611,6
612,5
613,5
614,6
615,2
616,4
617,5
618,3
619,6
620,8
621,2
622,8
623,4
624,3
625,6
626,2
627,8
628,8
629,3
630,7
631,5
632,7
633,4
634,6
635,4
636,1
637,0
638,2
639,2
640,2
641,8
642,0
643,4
644,7
645,0
646,4
647,8
648,2
649,5
650,3
651,5
652,2
653,8
654,8
655,9
656,6
657,6
658,6
659,4
660,9
661,9
662,4
663,5
664,7
665,3
666,7
667,9
668,1
669,8
670,2
671,9
672,8
673,8
674,5
675,8
676,6
677,0
678,7
679,8
680,8
681,4
682,2
683,9
684,7
685,3
686,8
687,2
688,5
689,2
690,8
691,1
692,4
693,1
694,6
695,0
696,2
697,0
698,4
699,3
700,4
701,6
702,7
703,2
704,3
705,1
706,0
707,5
708,9
709,6
710,8
711,4
712,0
713,5
714,1
715,3
716,2
717,9
718,9
719,8
720,2
721,9
722,9
723,2
724,0
725,1
726,8
727,2
728,2
729,2
730,9
731,8
732,1
733,9
734,1
735,2
736,4
737,4
738,2
739,0
740,3
741,9
742,4
743,4
744,2
745,7
746,8
747,5
748,7
749,3
750,9
751,7
752,2
753,0
754,2
755,3
756,1
757,9
758,7
759,8
760,0
761,0
762,3
763,5
764,6
765,6
766,2
767,6
768,2
769,7
770,1
771,1
772,7
773,6
774,6
775,4
776,0
777,6
778,6
779,0
780,5
781,4
782,1
783,0
784,8
785,0
786,7
787,7
788,4
789,4
790,2
791,6
792,7
793,9
794,8
795,0
796,6
797,4
798,9
799,3
800,8
801,2
802,8
803,2
804,1
805,2
806,3
807,7
808,2
809,7
810,0
811,7
812,1
813,1
814,9
815,3
816,6
817,5
818,0
819,1
820,1
821,0
822,5
823,8
824,7
825,4
826,3
827,7
828,6
829,9
830,3
831,0
832,5
833,1
834,9
835,7
836,6
837,9
838,4
839,1
840,1
841,6
842,6
843,7
844,5
845,4
846,0
847,4
848,2
849,7
850,9
851,4
852,1
853,4
854,8
855,6
856,9
857,8
858,6
859,1
860,5
861,6
862,1
863,1
864,1
865,7
866,4
867,0
868,9
869,3
870,2
871,6
872,1
873,0
874,4
875,7
876,6
877,7
878,0
879,4
880,2
881,3
882,2
883,1
884,6
885,8
886,7
887,6
888,8
889,4
890,3
891,1
892,9
893,8
894,7
895,4
896,4
897,4
898,1
899,0
900,3
901,1
902,1
903,9
904,6
905,4
906,3
907,7
908,9
909,4
910,5
911,2
912,6
913,9
914,3
915,1
916,3
917,8
918,1
919,0
920,2
921,3
922,2
923,3
924,9
925,9
926,1
927,9
928,4
929,3
930,7
931,7
932,5
933,6
934,1
935,6
936,8
937,4
938,7
939,7
940,7
941,7
942,6
943,9
944,2
945,9
946,5
947,5
948,7
949,3
950,6
951,1
952,1
953,3
954,7
955,8
956,2
957,6
958,4
959,9
960,8
961,3
962,9
963,4
964,2
965,2
966,3
967,5
968,3
969,9
970,4
971,5
972,8
973,8
974,7
975,1
976,3
977,5
978,2
979,2
980,2
981,2
982,1
983,4
984,7
985,1
986,9
987,1
988,2
989,7
990,3
991,9
992,9
993,6
994,5
995,4
996,2
997,6
998,8
999,3
1000,1
1001,2
1002,9
1003,8
1004,1
1005,7
1006,1
1007,8
1008,1
1009,4
1010,9
1011,1
1012,6
1013,2
1014,0
1015,6
1016,9
1017,5
1018,5
1019,3
1020,6
1021,9
1022,9
1023,4
1024,8
1025,0
1026,5
1027,7
1028,2
1029,8
1030,5
1031,9
1032,1
1033,9
1034,2
1035,3
1036,8
1037,6
1038,6
1039,0
1040,7
1041,5
1042,0
1043,0
1044,1
1045,1
1046,3
1047,6
1048,8
1049,2
1050,0
1051,5
1052,5
1053,5
1054,1
1055,9
1056,7
1057,0
1058,5
1059,4
1060,3
1061,7
1062,9
1063,1
1064,1
1065,2
1066,4
1067,6
1068,6
1069,9
1070,0
1071,9
1072,2
1073,1
1074,8
1075,1
1076,1
1077,9
1078,5
1079,3
1080,3
1081,9
1082,5
1083,5
1084,1
1085,8
1086,8
1087,0
1088,7
1089,6
1090,9
1091,5
1092,8
1093,9
1094,5
1095,8
1096,7
1097,3
1098,0
1099,4
1100,5
1101,5
1102,3
1103,3
1104,3
1105,1
1106,4
1107,8
1108,1
1109,2
1110,2
1111,0
1112,4
1113,5
1114,6
1115,5
1116,8
1117,4
1118,0
1119,7
1120,5
1121,6
1122,1
1123,7
1124,0
1125,0
1126,4
1127,1
1128,3
1129,0
1130,9
1131,4
1132,7
1133,0
1134,4
1135,1
1136,1
1137,8
1138,6
1139,8
1140,7
1141,5
1142,2
1143,1
1144,7
1145,0
1146,5
1147,6
1148,5
1149,1
1150,2
1151,8
1152,0
1153,2
1154,2
1155,6
1156,3
1157,4
1158,3
1159,8
1160,8
1161,3
1162,8
1163,2
1164,3
1165,1
1166,8
1167,7
1168,0
1169,7
1170,7
1171,7
1172,3
1173,9
1174,7
1175,0
1176,7
1177,9
1178,7
1179,7
1180,6
1181,7
1182,3
1183,3
1184,3
1185,0
1186,8
1187,4
1188,0
1189,3
1190,6
1191,4
1192,8
1193,1
1194,7
1195,9
1196,6
1197,6
1198,0
1199,3
1200,3
1201,9
1202,3
1203,9
1204,5
1205,2
1206,0
1207,5
1208,2
1209,6
1210,7
1211,6
1212,4
1213,1
1214,0
1215,7
1216,7
1217,8
1218,1
1219,5
1220,6
1221,2
1222,0
1223,7
1224,9
1225,7
1226,2
1227,5
1228,1
1229,1
1230,1
1231,9
1232,8
1233,1
1234,1
1235,3
1236,3
1237,3
1238,0
1239,0
1240,9
1241,6
1242,2
1243,9
1244,1
1245,4
1246,8
1247,3
1248,9
1249,9
1250,3
1251,8
1252,7
1253,9
1254,7
1255,8
1256,6
1257,8
1258,6
1259,3
1260,3
1261,3
1262,0
1263,7
1264,9
1265,2
1266,7
1267,1
1268,0
1269,8
1270,3
1271,3
1272,2
1273,8
1274,6
1275,7
1276,1
1277,0
1278,8
1279,9
1280,7
1281,3
1282,2
1283,8
1284,2
1285,5
1286,2
1287,6
1288,9
1289,6
1290,7
1291,7
1292,7
1293,9
1294,6
1295,0
1296,3
1297,1
1298,5
1299,2
1300,5
1301,9
1302,2
1303,1
1304,2
1305,3
1306,2
1307,4
1308,6
1309,0
1310,1
1311,6
1312,2
1313,0
1314,9
1315,2
1316,7
1317,0
1318,7
1319,5
1320,6
1321,1
1322,1
1323,0
1324,3
1325,0
1326,3
1327,4
1328,9
1329,9
1330,3
1331,3
1332,5
1333,2
1334,3
1335,7
1336,6
1337,7
1338,7
1339,7
1340,4
1341,1
1342,1
1343,1
1344,6
1345,6
1346,1
1347,6
1348,6
1349,3
1350,1
1351,0
1352,4
1353,3
1354,7
1355,6
1356,9
1357,6
1358,7
1359,0
1360,8
1361,5
1362,1
1363,4
1364,2
1365,1
1366,7
1367,2
1368,5
1369,0
1370,0
1371,8
1372,9
1373,6
1374,9
1375,1
1376,0
1377,1
1378,2
1379,4
1380,8
1381,8
1382,1
1383,9
1384,4
1385,4
1386,1
1387,1
1388,2
1389,2
1390,1
1391,4
1392,6
1393,4
1394,9
1395,1
1396,0
1397,9
1398,9
1399,0
1400,9
1401,7
1402,9
1403,8
1404,7
1405,3
1406,3
1407,4
1408,8
1409,3
1410,8
1411,6
1412,6
1413,4
1414,3
1415,1
1416,4
1417,7
1418,1
1419,5
1420,7
1421,2
1422,8
1423,3
1424,6
1425,6
1426,3
1427,9
1428,6
1429,5
1430,2
1431,7
1432,3
1433,5
1434,2
1435,6
1436,1
1437,5
1438,6
1439,5
1440,3
1441,7
1442,8
1443,8
1444,9
1445,0
1446,9
1447,4
1448,0
1449,2
1450,3
1451,7
1452,7
1453,5
1454,3
1455,3
1456,4
1457,0
1458,1
1459,7
1460,6
1461,3
1462,7
1463,6
1464,7
1465,3
1466,6
1467,7
1468,7
1469,8
1470,3
1471,6
1472,9
1473,6
1474,4
1475,4
1476,8
1477,4
1478,9
1479,9
1480,6
1481,4
1482,9
1483,3
1484,5
1485,2
1486,6
1487,4
1488,8
1489,8
1490,7
1491,4
1492,3
1493,7
1494,2
1495,7
1496,6
1497,4
1498,6
1499,9
1500,4
1501,4
1502,8
1503,2
1504,4
1505,9
1506,0
1507,6
1508,7
1509,4
1510,7
1511,4
1512,5
1513,3
1514,4
1515,4
1516,7
1517,6
1518,3
1519,1
1520,6
1521,1
1522,4
1523,1
1524,3
1525,0
1526,4
1527,5
1528,2
1529,8
1530,0
1531,1
1532,2
1533,5
1534,1
1535,2
1536,4
1537,2
1538,4
1539,5
1540,1
1541,8
1542,6
1543,7
1544,1
1545,0
1546,4
1547,2
1548,3
1549,4
1550,8
1551,6
1552,5
1553,0
1554,0
1555,3
1556,7
1557,8
1558,1
1559,1
1560,4
1561,7
1562,0
1563,0
1564,6
1565,4
1566,2
1567,3
1568,5
1569,5
1570,8
1571,9
1572,3
1573,2
1574,8
1575,2
1576,2
1577,0
1578,4
1579,5
1580,3
1581,7
1582,2
1583,2
1584,4
1585,7
1586,9
1587,3
1588,5
1589,7
1590,9
1591,7
1592,8
1593,2
1594,8
1595,6
1596,9
1597,9
1598,0
1599,5
1600,1
1601,5
1602,1
1603,0
1604,7
1605,4
1606,5
1607,5
1608,9
1609,8
1610,6
1611,7
1612,6
1613,0
1614,2
1615,5
1616,8
1617,5
1618,1
1619,4
1620,2
1621,9
1622,7
1623,4
1624,9
1625,1
1626,9
1627,7
1628,7
1629,3
1630,0
1631,5
1632,9
1633,5
1634,5
1635,4
1636,3
1637,8
1638,3
1639,3
1640,3
1641,0
1642,1
1643,2
1644,0
1645,5
1646,8
1647,1
1648,7
1649,7
1650,4
1651,5
1652,1
1653,2
1654,7
1655,4
1656,2
1657,5
1658,2
1659,5
1660,8
1661,5
1662,3
1663,8
1664,8
1665,7
1666,8
1667,0
1668,3
1669,2
1670,3
1671,5
1672,0
1673,7
1674,7
1675,5
1676,1
1677,6
1678,4
1679,9
1680,6
1681,8
1682,6
1683,5
1684,5
1685,4
1686,3
1687,9
1688,5
1689,7
1690,6
1691,9
1692,3
1693,1
1694,9
1695,3
1696,7
1697,2
1698,4
1699,1
1700,1
1701,6
1702,1
1703,3
1704,0
1705,2
1706,2
1707,1
1708,5
1709,6
1710,2
1711,8
1712,3
1713,5
1714,8
1715,7
1716,8
1717,2
1718,5
1719,3
1720,3
1721,4
1722,1
1723,2
1724,5
1725,3
1726,8
1727,1
1728,2
1729,8
1730,7
1731,7
1732,2
1733,5
1734,4
1735,2
1736,8
1737,5
1738,6
1739,5
1740,2
1741,6
1742,9
1743,5
1744,5
1745,3
1746,8
1747,1
1748,4
1749,7
1750,3
1751,9
1752,3
1753,5
1754,4
1755,9
1756,6
1757,2
1758,3
1759,3
1760,3
1761,6
1762,8
1763,0
1764,5
1765,6
1766,6
1767,2
1768,2
1769,0
1770,0
1771,4
1772,7
1773,1
1774,9
1775,7
1776,5
1777,5
1778,4
1779,2
1780,3
1781,5
1782,7
1783,1
1784,2
1785,4
1786,8
1787,1
1788,7
1789,0
1790,8
1791,0
1792,7
1793,4
1794,3
1795,0
1796,2
1797,7
1798,6
1799,2
1800,4
1801,1
1802,4
1803,6
1804,5
1805,1
1806,2
1807,0
1808,0
1809,3
1810,4
1811,1
1812,4
1813,2
1814,2
1815,1
1816,4
1817,6
1818,3
1819,0
1820,7
1821,0
1822,6
1823,0
1824,0
1825,0
1826,9
1827,6
1828,3
1829,8
1830,1
1831,8
1832,1
1833,1
1834,8
1835,7
1836,4
1837,4
1838,7
1839,7
1840,3
1841,0
1842,5
1843,6
1844,4
1845,4
1846,3
1847,9
1848,4
1849,0
1850,3
1851,4
1852,9
1853,7
1854,9
1855,7
1856,2
1857,7
1858,3
1859,0
1860,0
1861,2
1862,0
1863,2
1864,3
1865,4
1866,6
1867,2
1868,2
1869,2
1870,4
1871,5
1872,7
1873,2
1874,1
1875,1
1876,5
1877,1
1878,1
1879,3
1880,4
1881,3
1882,7
1883,5
1884,8
1885,9
1886,8
1887,0
1888,3
1889,7
1890,0
1891,7
1892,8
1893,0
1894,2
1895,5
1896,9
1897,5
1898,4
1899,5
1900,7
1901,3
1902,4
1903,5
1904,8
1905,9
1906,5
1907,9
1908,5
1909,3
1910,7
1911,3
1912,4
1913,8
1914,0
1915,9
1916,0
1917,5
1918,3
1919,9
1920,7
1921,3
1922,6
1923,1
1924,8
1925,6
1926,7
1927,9
1928,0
1929,4
1930,4
1931,4
1932,2
1933,0
1934,1
1935,4
1936,7
1937,9
1938,5
1939,4
1940,9
1941,6
1942,5
1943,1
1944,3
1945,8
1946,4
1947,9
1948,9
1949,2
1950,9
1951,5
1952,3
1953,6
1954,1
1955,1
1956,2
1957,3
1958,6
1959,0
1960,4
1961,4
1962,3
1963,2
1964,5
1965,3
1966,2
1967,2
1968,5
1969,5
1970,1
1971,0
1972,2
1973,8
1974,7
1975,2
1976,3
1977,7
1978,7
1979,0
1980,8
1981,8
1982,3
1983,3
1984,7
1985,0
1986,2
1987,3
1988,8
1989,1
1990,0
1991,8
1992,0
1993,7
1994,1
1995,5
1996,7
1997,2
1998,0
1999,0
2000,5
2001,7
2002,8
2003,6
2004,1
2005,0
2006,6
2007,2
2008,0
2009,7
2010,6
2011,9
2012,2
2013,5
2014,2
2015,8
2016,2
2017,0
2018,1
2019,9
2020,9
2021,7
2022,4
2023,8
2024,3
2025,6
2026,3
2027,4
2028,3
2029,9
2030,5
2031,0
2032,8
2033,5
2034,9
2035,3
2036,1
2037,3
2038,3
2039,7
2040,1
2041,9
2042,6
2043,2
2044,7
2045,9
2046,8
2047,5
2048,4
2049,7
2050,7
2051,4
2052,5
2053,7
2054,7
2055,2
2056,1
2057,3
2058,2
2059,7
2060,2
2061,8
2062,7
2063,8
2064,6
2065,4
2066,1
2067,1
2068,9
2069,8
2070,6
2071,0
2072,4
2073,4
2074,3
2075,0
2076,0
2077,0
2078,1
2079,4
2080,1
2081,7
2082,6
2083,3
2084,8
2085,2
2086,9
2087,7
2088,5
2089,2
2090,2
2091,5
2092,2
2093,6
2094,2
2095,1
2096,1
2097,2
2098,9
2099,1
2100,3
2101,2
2102,3
2103,6
2104,8
2105,0
2106,0
2107,3
2108,2
2109,4
2110,0
2111,3
2112,2
2113,8
2114,5
2115,7
2116,3
2117,1
2118,1
2119,6
2120,3
2121,1
2122,9
2123,8
2124,6
2125,3
2126,3
2127,1
2128,6
2129,8
2130,1
2131,3
2132,6
2133,7
2134,0
2135,3
2136,4
2137,3
2138,6
2139,4
2140,7
2141,6
2142,3
2143,8
2144,9
2145,6
2146,2
2147,4
2148,2
2149,5
2150,8
2151,8
2152,4
2153,3
2154,7
2155,3
2156,1
2157,0
2158,4
2159,5
2160,6
2161,4
2162,2
2163,0
2164,0
2165,5
2166,9
2167,8
2168,2
2169,8
2170,8
2171,4
2172,7
2173,5
2174,7
2175,8
2176,4
2177,4
2178,5
2179,1
2180,4
2181,9
2182,2
2183,0
2184,9
2185,7
2186,6
2187,6
2188,9
2189,9
2190,9
2191,1
2192,3
2193,2
2194,2
2195,6
2196,4
2197,0
2198,8
2199,2
2200,9
2201,9
2202,6
2203,7
2204,4
2205,5
2206,2
2207,4
2208,6
2209,0
2210,3
2211,0
2212,1
2213,0
2214,2
2215,3
2216,4
2217,9
2218,9
2219,7
2220,9
2221,5
2222,2
2223,7
2224,2
2225,7
2226,0
2227,6
2228,4
2229,3
2230,3
2231,4
2232,1
2233,6
2234,0
2235,3
2236,6
2237,0
2238,2
2239,2
2240,6
2241,2
2242,1
2243,0
2244,7
2245,0
2246,5
2247,1
2248,1
2249,6
2250,3
2251,3
2252,8
2253,8
2254,3
2255,9
2256,9
2257,6
2258,3
2259,9
2260,6
2261,8
2262,3
2263,0
2264,2
2265,1
2266,6
2267,5
2268,8
2269,7
2270,1
2271,7
2272,7
2273,7
2274,3
2275,7
2276,4
2277,4
2278,6
2279,8
2280,7
2281,1
2282,0
2283,9
2284,0
2285,7
2286,3
2287,5
2288,3
2289,2
2290,3
2291,4
2292,8
2293,0
2294,7
2295,1
2296,2
2297,1
2298,3
2299,7
2300,4
2301,6
2302,8
2303,1
2304,6
2305,7
2306,6
2307,2
2308,6
2309,1
2310,0
2311,4
2312,7
2313,8
2314,0
2315,2
2316,2
2317,2
2318,5
2319,5
2320,3
2321,9
2322,0
2323,3
2324,1
2325,1
2326,7
2327,9
2328,9
2329,3
2330,1
2331,6
2332,0
2333,7
2334,1
2335,3
2336,0
2337,9
2338,8
2339,8
2340,9
2341,6
2342,4
2343,6
2344,2
2345,6
2346,0
2347,9
2348,6
2349,2
2350,5
2351,3
2352,7
2353,3
2354,7
2355,2
2356,8
2357,0
2358,9
2359,5
2360,1
2361,0
2362,7
2363,9
2364,1
2365,7
2366,3
2367,9
2368,1
2369,3
2370,3
2371,4
2372,4
2373,9
2374,8
2375,3
2376,4
2377,2
2378,1
2379,9
2380,4
2381,2
2382,0
2383,9
2384,8
2385,1
2386,0
2387,2
2388,5
2389,1
2390,4
2391,4
2392,1
2393,0
2394,3
2395,3
2396,8
2397,4
2398,5
2399,2
2400,5
2401,6
2402,5
2403,3
2404,0
2405,2
2406,3
2407,4
2408,2
2409,8
2410,5
2411,5
2412,9
2413,1
2414,0
2415,3
2416,1
2417,3
2418,8
2419,0
2420,0
2421,3
2422,5
2423,2
2424,8
2425,1
2426,1
2427,6
2428,4
2429,5
2430,8
2431,7
2432,2
2433,7
2434,6
2435,4
2436,1
2437,7
2438,0
2439,9
2440,1
2441,3
2442,9
2443,4
2444,7
2445,2
2446,7
2447,2
2448,8
2449,2
2450,5
2451,8
2452,4
2453,7
2454,1
2455,1
2456,5
2457,1
2458,7
2459,3
2460,1
2461,7
2462,9
2463,8
2464,7
2465,6
2466,2
2467,0
2468,6
2469,1
2470,8
2471,7
2472,4
2473,1
2474,8
2475,8
2476,0
2477,4
2478,3
2479,7
2480,4
2481,3
2482,6
2483,8
2484,4
2485,3
2486,7
2487,2
2488,1
2489,8
2490,6
2491,9
2492,0
2493,6
2494,3
2495,5
2496,5
2497,7
2498,7
2499,1
2500,8
2501,8
2502,4
2503,7
2504,8
2505,5
2506,6
2507,5
2508,9
2509,8
2510,9
2511,2
2512,6
2513,4
2514,6
2515,7
2516,7
2517,5
2518,7
2519,0
2520,0
2521,2
2522,9
2523,0
2524,8
2525,0
2526,1
2527,4
2528,0
2529,2
2530,4
2531,5
2532,6
2533,7
2534,5
2535,6
2536,3
2537,8
2538,7
2539,0
2540,5
2541,6
2542,6
2543,3
2544,2
2545,4
2546,4
2547,8
2548,9
2549,9
2550,4
2551,6
2552,4
2553,3
2554,0
2555,7
2556,9
2557,7
2558,9
2559,7
2560,4
2561,1
2562,2
2563,4
2564,5
2565,8
2566,2
2567,2
2568,2
2569,7
2570,3
2571,9
2572,6
2573,0
2574,3
2575,3
2576,9
2577,4
2578,1
2579,3
2580,8
2581,1
2582,1
2583,7
2584,1
2585,2
2586,7
2587,6
2588,1
2589,4
2590,1
2591,0
2592,7
2593,9
2594,9
2595,0
2596,2
2597,2
2598,6
2599,4
2600,5
2601,2
2602,8
2603,9
2604,5
2605,5
2606,0
2607,4
2608,1
2609,5
2610,5
2611,2
2612,3
2613,8
2614,1
2615,2
2616,9
2617,1
2618,3
2619,9
2620,6
2621,9
2622,9
2623,8
2624,8
2625,5
2626,8
2627,3
2628,9
2629,1
2630,8
2631,9
2632,9
2633,0
2634,9
2635,5
2636,0
2637,5
2638,3
2639,0
2640,2
2641,7
2642,1
2643,3
2644,7
2645,3
2646,2
2647,4
2648,6
2649,9
2650,5
2651,4
2652,5
2653,5
2654,7
2655,0
2656,4
2657,4
2658,7
2659,2
2660,3
2661,5
2662,7
2663,2
2664,1
2665,2
2666,0
2667,5
2668,2
2669,4
2670,1
2671,3
2672,5
2673,7
2674,7
2675,4
2676,9
2677,4
2678,9
2679,3
2680,8
2681,6
2682,2
2683,7
2684,8
2685,8
2686,1
2687,9
2688,3
2689,9
2690,7
2691,1
2692,4
2693,8
2694,7
2695,4
2696,9
2697,7
2698,7
2699,2
2700,2
2701,3
2702,9
2703,9
2704,7
2705,9
2706,7
2707,8
2708,4
2709,6
2710,1
2711,5
2712,5
2713,1
2714,2
2715,1
2716,4
2717,7
2718,4
2719,5
2720,1
2721,5
2722,7
2723,1
2724,6
2725,2
2726,6
2727,2
2728,8
2729,5
2730,8
2731,4
2732,8
2733,9
2734,1
2735,2
2736,5
2737,1
2738,8
2739,9
2740,3
2741,1
2742,9
2743,7
2744,1
2745,0
2746,2
2747,3
2748,1
2749,0
2750,1
2751,5
2752,5
2753,6
2754,4
2755,1
2756,2
2757,3
2758,7
2759,6
2760,5
2761,6
2762,8
2763,6
2764,7
2765,9
2766,8
2767,7
2768,4
2769,2
2770,6
2771,5
2772,5
2773,7
2774,1
2775,7
2776,4
2777,3
2778,0
2779,7
2780,9
2781,1
2782,4
2783,5
2784,4
2785,7
2786,5
2787,1
2788,1
2789,3
2790,3
2791,1
2792,4
2793,5
2794,9
2795,0
2796,5
2797,3
2798,3
2799,1
2800,2
2801,1
2802,9
2803,5
2804,7
2805,1
2806,1
2807,3
2808,7
2809,4
2810,3
2811,3
2812,7
2813,3
2814,9
2815,0
2816,9
2817,0
2818,3
2819,0
2820,3
2821,0
2822,4
2823,2
2824,6
2825,1
2826,9
2827,0
2828,3
2829,8
2830,3
2831,2
2832,2
2833,4
2834,6
2835,6
2836,5
2837,7
2838,9
2839,4
2840,9
2841,8
2842,1
2843,0
2844,0
2845,3
2846,3
2847,8
2848,0
2849,1
2850,2
2851,7
2852,4
2853,3
2854,6
2855,9
2856,8
2857,1
2858,9
2859,3
2860,6
2861,1
2862,6
2863,2
2864,9
2865,3
2866,3
2867,1
2868,3
2869,6
2870,3
2871,7
2872,2
2873,1
2874,5
2875,6
2876,5
2877,7
2878,3
2879,3
2880,8
2881,3
2882,3
2883,9
2884,4
2885,4
2886,6
2887,6
2888,9
2889,1
2890,2
2891,2
2892,9
2893,7
2894,4
2895,9
2896,2
2897,9
2898,7
2899,9
2900,5
2901,2
2902,1
2903,7
2904,1
2905,2
2906,1
2907,8
2908,3
2909,2
2910,0
2911,4
2912,7
2913,1
2914,2
2915,2
2916,2
2917,2
2918,7
2919,6
2920,9
2921,3
2922,8
2923,9
2924,0
2925,3
2926,7
2927,5
2928,3
2929,0
2930,1
2931,6
2932,3
2933,6
2934,5
2935,9
2936,8
2937,6
2938,6
2939,1
2940,7
2941,9
2942,5
2943,8
2944,7
2945,8
2946,4
2947,9
2948,7
2949,1
2950,6
2951,1
2952,1
2953,0
2954,7
2955,8
2956,3
2957,9
2958,0
2959,1
2960,9
2961,4
2962,4
2963,4
2964,9
2965,3
2966,6
2967,4
2968,0
2969,4
2970,8
2971,9
2972,8
2973,9
2974,2
2975,4
2976,1
2977,0
2978,7
2979,2
2980,0
2981,3
2982,4
2983,6
2984,9
2985,7
2986,2
2987,0
2988,4
2989,4
2990,0
2991,6
2992,9
2993,4
2994,7
2995,9
2996,9
2997,8
2998,1
2999,8
3000,7
3001,8
3002,7
3003,3
3004,7
3005,2
3006,1
3007,5
3008,5
3009,0
3010,4
3011,9
3012,0
3013,9
3014,3
3015,2
3016,8
3017,9
3018,2
3019,9
3020,5
3021,3
3022,0
3023,4
3024,5
3025,9
3026,5
3027,2
3028,9
3029,7
3030,6
3031,1
3032,3
3033,0
3034,9
3035,0
3036,1
3037,7
3038,3
3039,0
3040,6
3041,5
3042,9
3043,5
3044,8
3045,6
3046,2
3047,0
3048,7
3049,5
3050,7
3051,3
3052,5
3053,3
3054,2
3055,0
3056,8
3057,6
3058,6
3059,7
3060,0
3061,1
3062,2
3063,1
3064,8
3065,5
3066,1
3067,6
3068,9
3069,2
3070,8
3071,8
3072,5
3073,6
3074,5
3075,3
3076,2
3077,6
3078,3
3079,4
3080,8
3081,3
3082,1
3083,8
3084,4
3085,3
3086,3
3087,1
3088,3
3089,2
3090,2
3091,6
3092,1
3093,9
3094,5
3095,7
3096,8
3097,5
3098,7
3099,1
3100,8
3101,0
3102,9
3103,4
3104,6
3105,7
3106,7
3107,9
3108,8
3109,0
3110,6
3111,6
3112,9
3113,8
3114,4
3115,6
3116,1
3117,6
3118,6
3119,3
3120,0
3121,9
3122,5
3123,1
3124,4
3125,6
3126,7
3127,4
3128,6
3129,5
3130,2
3131,3
3132,1
3133,6
3134,9
3135,4
3136,3
3137,7
3138,2
3139,1
3140,3
3141,0
3142,0
3143,1
3144,9
3145,2
3146,7
3147,8
3148,6
3149,9
3150,4
3151,9
3152,8
3153,7
3154,8
3155,4
3156,6
3157,4
3158,1
3159,9
3160,6
3161,2
3162,8
3163,8
3164,6
3165,5
3166,9
3167,1
3168,8
3169,6
3170,9
3171,5
3172,0
3173,5
3174,7
3175,2
3176,3
3177,6
3178,7
3179,7
3180,8
3181,4
3182,0
3183,4
3184,1
3185,5
3186,2
3187,2
3188,5
3189,7
3190,1
3191,1
3192,1
3193,2
3194,2
3195,2
3196,5
3197,3
3198,7
3199,8
3200,8
3201,0
3202,1
3203,5
3204,8
3205,8
3206,6
3207,2
3208,7
3209,9
3210,4
3211,1
3212,2
3213,0
3214,6
3215,6
3216,5
3217,1
3218,2
3219,2
3220,9
3221,0
3222,6
3223,9
3224,8
3225,7
3226,6
3227,7
3228,9
3229,0
3230,2
3231,9
3232,8
3233,6
3234,1
3235,6
3236,5
3237,6
3238,8
3239,4
3240,3
3241,0
3242,6
3243,6
3244,0
3245,1
3246,9
3247,2
3248,5
3249,8
3250,0
3251,3
3252,3
3253,4
3254,6
3255,2
3256,7
3257,6
3258,6
3259,8
3260,1
3261,9
3262,7
3263,2
3264,1
3265,9
3266,1
3267,2
3268,6
3269,3
3270,5
3271,8
3272,0
3273,9
3274,8
3275,5
3276,9
3277,1
3278,7
3279,4
3280,7
3281,7
3282,8
3283,1
3284,5
3285,2
3286,6
3287,2
3288,7
3289,9
3290,7
3291,1
3292,8
3293,9
3294,1
3295,1
3296,8
3297,9
3298,3
3299,9
3300,3
3301,6
3302,6
3303,0
3304,4
3305,9
3306,3
3307,2
3308,4
3309,7
3310,6
3311,5
3312,3
3313,0
3314,3
3315,1
3316,3
3317,7
3318,3
3319,6
3320,4
3321,2
3322,6
3323,0
3324,3
3325,6
3326,5
3327,0
3328,2
3329,5
3330,6
3331,0
3332,3
3333,7
3334,4
3335,7
3336,8
3337,5
3338,6
3339,7
3340,0
3341,1
3342,0
3343,4
3344,4
3345,3
3346,3
3347,6
3348,4
3349,7
3350,2
3351,8
3352,4
3353,6
3354,8
3355,7
3356,5
3357,9
3358,7
3359,3
3360,2
3361,0
3362,9
3363,7
3364,1
3365,4
3366,5
3367,2
3368,0
3369,3
3370,4
3371,8
3372,6
3373,3
3374,9
3375,0
3376,2
3377,6
3378,5
3379,9
3380,6
3381,7
3382,8
3383,5
3384,9
3385,1
3386,6
3387,4
3388,6
3389,8
3390,9
3391,6
3392,3
3393,1
3394,7
3395,4
3396,6
3397,3
3398,6
3399,9
3400,6
3401,4
3402,4
3403,1
3404,9
3405,4
3406,8
3407,0
3408,3
3409,4
3410,3
3411,9
3412,4
3413,9
3414,7
3415,7
3416,9
3417,7
3418,4
3419,8
3420,4
3421,1
3422,2
3423,2
3424,6
3425,4
3426,7
3427,1
3428,4
3429,6
3430,7
3431,2
3432,2
3433,9
3434,7
3435,8
3436,0
3437,0
3438,6
3439,7
3440,6
3441,9
3442,3
3443,2
3444,7
3445,8
3446,1
3447,7
3448,9
3449,3
3450,3
3451,1
3452,9
3453,0
3454,2
3455,0
3456,3
3457,2
3458,4
3459,3
3460,1
3461,1
3462,7
3463,5
3464,3
3465,2
3466,7
3467,7
3468,9
3469,2
3470,7
3471,1
3472,2
3473,7
3474,6
3475,8
3476,2
3477,8
3478,8
3479,5
3480,7
3481,5
3482,2
3483,5
3484,1
3485,3
3486,1
3487,5
3488,4
3489,1
3490,1
3491,3
3492,7
3493,1
3494,8
3495,3
3496,3
3497,2
3498,8
3499,2
3500,2
3501,1
3502,1
3503,2
3504,9
3505,9
3506,0
3507,8
3508,0
3509,3
3510,7
3511,7
3512,2
3513,3
3514,7
3515,3
3516,9
3517,6
3518,9
3519,1
3520,4
3521,3
3522,8
3523,6
3524,4
3525,8
3526,2
3527,9
3528,7
3529,4
3530,5
3531,6
3532,7
3533,1
3534,3
3535,8
3536,8
3537,5
3538,2
3539,7
3540,9
3541,3
3542,8
3543,0
3544,3
3545,1
3546,9
3547,6
3548,6
3549,8
3550,3
3551,4
3552,6
3553,1
3554,9
3555,4
3556,1
3557,3
3558,6
3559,2
3560,8
3561,0
3562,9
3563,7
3564,3
3565,8
3566,4
3567,2
3568,0
3569,9
3570,3
3571,7
3572,6
3573,1
3574,3
3575,4
3576,6
3577,8
3578,1
3579,4
3580,7
3581,4
3582,7
3583,3
3584,6
3585,2
3586,4
3587,3
3588,5
3589,0
3590,9
3591,7
3592,0
3593,4
3594,1
3595,5
3596,5
3597,2
3598,7
3599,6
3600,1
3601,2
3602,1
3603,5
3604,8
3605,5
3606,6
3607,6
3608,9
3609,2
3610,2
3611,5
3612,7
3613,7
3614,2
3615,2
3616,4
3617,3
3618,3
3619,4
3620,6
3621,7
3622,5
3623,3
3624,2
3625,7
3626,1
3627,6
3628,0
3629,6
3630,8
3631,2
3632,1
3633,1
3634,8
3635,5
3636,2
3637,1
3638,5
3639,8
3640,8
3641,6
3642,8
3643,6
3644,0
3645,8
3646,6
3647,0
3648,1
3649,2
3650,9
3651,8
3652,6
3653,8
3654,5
3655,7
3656,4
3657,5
3658,8
3659,6
3660,9
3661,7
3662,9
3663,7
3664,7
3665,3
3666,5
3667,6
3668,4
3669,6
3670,0
3671,5
3672,2
3673,1
3674,1
3675,2
3676,3
3677,3
3678,4
3679,1
3680,4
3681,2
3682,8
3683,5
3684,7
3685,8
3686,5
3687,8
3688,8
3689,5
3690,2
3691,6
3692,5
3693,6
3694,0
3695,4
3696,8
3697,0
3698,0
3699,0
3700,6
3701,0
3702,8
3703,3
3704,4
3705,5
3706,9
3707,9
3708,7
3709,1
3710,2
3711,7
3712,4
3713,0
3714,4
3715,0
3716,7
3717,3
3718,0
3719,7
3720,2
3721,7
3722,8
3723,0
3724,9
3725,8
3726,0
3727,6
3728,1
3729,4
3730,0
3731,7
3732,7
3733,6
3734,3
3735,4
3736,3
3737,2
3738,2
3739,0
3740,1
3741,2
3742,4
3743,5
3744,6
3745,9
3746,5
3747,2
3748,6
3749,3
3750,7
3751,0
3752,3
3753,9
3754,1
3755,9
3756,3
3757,6
3758,5
3759,9
3760,2
3761,3
3762,0
3763,0
3764,9
3765,8
3766,0
3767,5
3768,2
3769,8
3770,1
3771,3
3772,6
3773,1
3774,2
3775,1
3776,1
3777,0
3778,6
3779,2
3780,4
3781,9
3782,8
3783,1
3784,3
3785,0
3786,7
3787,9
3788,7
3789,0
3790,6
3791,9
3792,7
3793,8
3794,4
3795,5
3796,7
3797,1
3798,3
3799,8
3800,7
3801,7
3802,0
3803,2
3804,0
3805,7
3806,8
3807,0
3808,8
3809,2
3810,7
3811,4
3812,9
3813,6
3814,3
3815,3
3816,6
3817,2
3818,0
3819,7
3820,5
3821,5
3822,6
3823,1
3824,1
3825,4
3826,3
3827,0
3828,2
3829,5
3830,9
3831,7
3832,4
3833,5
3834,7
3835,9
3836,8
3837,0
3838,0
3839,6
3840,7
3841,0
3842,7
3843,3
3844,6
3845,2
3846,8
3847,2
3848,2
3849,3
3850,7
3851,5
3852,3
3853,4
3854,3
3855,6
3856,9
3857,7
3858,5
3859,6
3860,0
3861,7
3862,2
3863,7
3864,6
3865,5
3866,5
3867,0
3868,2
3869,6
3870,1
3871,8
3872,2
3873,6
3874,5
3875,0
3876,9
3877,2
3878,6
3879,6
3880,4
3881,0
3882,6
3883,1
3884,4
3885,8
3886,3
3887,0
3888,7
3889,0
3890,0
3891,3
3892,6
3893,0
3894,4
3895,0
3896,1
3897,5
3898,0
3899,6
3900,7
3901,7
3902,4
3903,7
3904,2
3905,9
3906,5
3907,3
3908,6
3909,8
3910,0
3911,3
3912,6
3913,2
3914,0
3915,6
3916,3
3917,5
3918,1
3919,6
3920,6
3921,6
3922,1
3923,9
3924,0
3925,1
3926,9
3927,4
3928,2
3929,5
3930,3
3931,2
3932,2
3933,7
3934,8
3935,4
3936,2
3937,0
3938,1
3939,7
3940,9
3941,3
3942,3
3943,0
3944,1
3945,3
3946,7
3947,3
3948,1
3949,6
3950,6
3951,3
3952,0
3953,9
3954,8
3955,7
3956,6
3957,4
3958,9
3959,6
3960,2
3961,5
3962,4
3963,2
3964,5
3965,9
3966,2
3967,9
3968,5
3969,6
3970,1
3971,4
3972,7
3973,7
3974,8
3975,2
3976,0
3977,5
3978,1
3979,0
3980,6
3981,3
3982,2
3983,3
3984,5
3985,7
3986,1
3987,9
3988,4
3989,6
3990,5
3991,7
3992,4
3993,2
3994,4
3995,8
3996,6
3997,8
3998,1
3999,1
4000,0
4001,4
4002,9
4003,5
4004,1
4005,7
4006,2
4007,7
4008,3
4009,9
4010,1
4011,2
4012,5
4013,1
4014,6
4015,8
4016,8
4017,4
4018,6
4019,4
4020,5
4021,7
4022,0
4023,4
4024,1
4025,1
4026,1
4027,4
4028,7
4029,2
4030,1
4031,3
4032,2
4033,9
4034,2
4035,0
4036,5
4037,1
4038,2
4039,9
4040,7
4041,9
4042,7
4043,2
4044,8
4045,6
4046,3
4047,8
4048,5
4049,3
4050,9
4051,4
4052,8
4053,1
4054,7
4055,5
4056,2
4057,2
4058,8
4059,9
4060,4
4061,2
4062,3
4063,3
4064,4
4065,6
4066,2
4067,8
4068,1
4069,1
4070,1
4071,6
4072,8
4073,7
4074,2
4075,9
4076,9
4077,0
4078,8
4079,6
4080,4
4081,0
4082,8
4083,2
4084,0
4085,8
4086,2
4087,1
4088,9
4089,0
4090,7
4091,6
4092,8
4093,7
4094,4
4095,9
4096,3
4097,4
4098,3
4099,4
4100,9
4101,3
4102,5
4103,4
4104,8
4105,4
4106,1
4107,8
4108,7
4109,0
4110,6
4111,3
4112,2
4113,6
4114,2
4115,1
4116,3
4117,8
4118,7
4119,7
4120,2
4121,9
4122,4
4123,0
4124,1
4125,3
4126,0
4127,8
4128,5
4129,9
4130,0
4131,2
4132,3
4133,7
4134,7
4135,7
4136,6
4137,6
4138,6
4139,8
4140,0
4141,6
4142,1
4143,1
4144,8
4145,3
4146,5
4147,4
4148,9
4149,0
4150,7
4151,2
4152,6
4153,6
4154,8
4155,2
4156,6
4157,7
4158,7
4159,7
4160,9
4161,0
4162,1
4163,9
4164,1
4165,4
4166,9
4167,6
4168,1
4169,8
4170,0
4171,1
4172,2
4173,4
4174,9
4175,9
4176,9
4177,9
4178,8
4179,0
4180,2
4181,7
4182,3
4183,2
4184,3
4185,1
4186,1
4187,2
4188,7
4189,4
4190,1
4191,5
4192,1
4193,2
4194,2
4195,3
4196,6
4197,8
4198,0
4199,4
4200,1
4201,3
4202,3
4203,3
4204,9
4205,6
4206,9
4207,7
4208,9
4209,1
4210,5
4211,8
4212,8
4213,5
4214,5
4215,1
4216,1
4217,2
4218,3
4219,2
4220,5
4221,7
4222,8
4223,3
4224,4
4225,5
4226,4
4227,8
4228,6
4229,3
4230,3
4231,4
4232,2
4233,9
4234,2
4235,6
4236,0
4237,7
4238,7
4239,1
4240,1
4241,5
4242,3
4243,0
4244,7
4245,8
4246,2
4247,4
4248,7
4249,6
4250,9
4251,7
4252,5
4253,1
4254,7
4255,9
4256,2
4257,0
4258,8
4259,6
4260,1
4261,7
4262,6
4263,6
4264,6
4265,2
4266,2
4267,7
4268,4
4269,1
4270,2
4271,1
4272,3
4273,9
4274,2
4275,2
4276,0
4277,5
4278,2
4279,2
4280,7
4281,0
4282,8
4283,6
4284,5
4285,6
4286,9
4287,9
4288,3
4289,6
4290,2
4291,8
4292,7
4293,5
4294,8
4295,3
4296,4
4297,6
4298,6
4299,6
4300,9
4301,3
4302,2
4303,3
4304,9
4305,9
4306,9
4307,1
4308,6
4309,3
4310,8
4311,2
4312,2
4313,3
4314,0
4315,3
4316,0
4317,0
4318,3
4319,5
4320,2
4321,0
4322,0
4323,3
4324,3
4325,6
4326,6
4327,0
4328,7
4329,9
4330,0
4331,6
4332,7
4333,9
4334,6
4335,9
4336,7
4337,9
4338,0
4339,9
4340,4
4341,8
4342,8
4343,5
4344,7
4345,1
4346,0
4347,4
4348,6
4349,3
4350,6
4351,8
4352,8
4353,9
4354,4
4355,2
4356,1
4357,5
4358,6
4359,1
4360,7
4361,9
4362,8
4363,7
4364,2
4365,6
4366,9
4367,2
4368,6
4369,6
4370,0
4371,4
4372,7
4373,7
4374,9
4375,6
4376,1
4377,7
4378,6
4379,7
4380,3
4381,8
4382,9
4383,1
4384,5
4385,5
4386,4
4387,1
4388,2
4389,6
4390,8
4391,9
4392,3
4393,9
4394,2
4395,0
4396,2
4397,2
4398,0
4399,4
4400,5
4401,9
4402,4
4403,7
4404,7
4405,7
4406,5
4407,2
4408,1
4409,2
4410,9
4411,2
4412,3
4413,3
4414,0
4415,7
4416,2
4417,6
4418,6
4419,1
4420,5
4421,8
4422,4
4423,4
4424,6
4425,3
4426,3
4427,5
4428,6
4429,8
4430,6
4431,6
4432,9
4433,6
4434,9
4435,4
4436,9
4437,8
4438,0
4439,4
4440,8
4441,7
4442,7
4443,9
4444,3
4445,1
4446,7
4447,4
4448,6
4449,2
4450,1
4451,3
4452,2
4453,3
4454,8
4455,1
4456,2
4457,9
4458,7
4459,6
4460,9
4461,3
4462,2
4463,3
4464,3
4465,4
4466,7
4467,0
4468,3
4469,7
4470,4
4471,9
4472,9
4473,9
4474,2
4475,7
4476,3
4477,7
4478,6
4479,6
4480,6
4481,8
4482,5
4483,5
4484,4
4485,9
4486,7
4487,1
4488,1
4489,1
4490,4
4491,6
4492,2
4493,7
4494,1
4495,6
4496,6
4497,7
4498,3
4499,9
4500,1
4501,3
4502,9
4503,9
4504,5
4505,3
4506,4
4507,8
4508,5
4509,4
4510,6
4511,5
4512,6
4513,2
4514,1
4515,1
4516,7
4517,2
4518,6
4519,4
4520,7
4521,5
4522,7
4523,2
4524,1
4525,8
4526,9
4527,8
4528,2
4529,1
4530,5
4531,9
4532,5
4533,0
4534,2
4535,3
4536,7
4537,7
4538,0
4539,1
4540,3
4541,9
4542,4
4543,4
4544,8
4545,1
4546,5
4547,8
4548,9
4549,7
4550,0
4551,1
4552,7
4553,4
4554,8
4555,4
4556,5
4557,6
4558,1
4559,6
4560,6
4561,1
4562,3
4563,3
4564,9
4565,5
4566,4
4567,0
4568,3
4569,2
4570,6
4571,1
4572,0
4573,8
4574,0
4575,5
4576,3
4577,9
4578,8
4579,1
4580,5
4581,9
4582,0
4583,8
4584,7
4585,4
4586,9
4587,4
4588,7
4589,8
4590,4
4591,1
4592,2
4593,3
4594,7
4595,5
4596,2
4597,6
4598,6
4599,2
4600,8
4601,4
4602,9
4603,9
4604,7
4605,5
4606,4
4607,7
4608,8
4609,1
4610,2
4611,9
4612,4
4613,6
4614,7
4615,8
4616,3
4617,0
4618,5
4619,3
4620,9
4621,9
4622,2
4623,2
4624,6
4625,2
4626,6
4627,0
4628,1
4629,6
4630,3
4631,9
4632,8
4633,9
4634,0
4635,2
4636,7
4637,4
4638,6
4639,4
4640,5
4641,8
4642,5
4643,1
4644,1
4645,0
4646,0
4647,8
4648,3
4649,1
4650,9
4651,3
4652,2
4653,0
4654,7
4655,4
4656,6
4657,0
4658,6
4659,7
4660,9
4661,7
4662,9
4663,9
4664,2
4665,7
4666,5
4667,8
4668,3
4669,1
4670,6
4671,7
4672,2
4673,5
4674,8
4675,9
4676,3
4677,7
4678,0
4679,5
4680,1
4681,5
4682,6
4683,2
4684,5
4685,4
4686,6
4687,6
4688,6
4689,7
4690,4
4691,1
4692,6
4693,3
4694,9
4695,5
4696,0
4697,1
4698,6
4699,4
4700,3
4701,5
4702,0
4703,9
4704,1
4705,6
4706,2
4707,3
4708,9
4709,1
4710,2
4711,0
4712,9
4713,2
4714,2
4715,8
4716,5
4717,5
4718,4
4719,1
4720,2
4721,7
4722,3
4723,1
4724,6
4725,9
4726,1
4727,6
4728,2
4729,3
4730,5
4731,1
4732,1
4733,3
4734,9
4735,1
4736,5
4737,8
4738,7
4739,7
4740,0
4741,5
4742,7
4743,8
4744,4
4745,4
4746,4
4747,9
4748,7
4749,3
4750,0
4751,6
4752,1
4753,6
4754,0
4755,3
4756,4
4757,8
4758,1
4759,2
4760,5
4761,3
4762,7
4763,5
4764,7
4765,9
4766,3
4767,5
4768,1
4769,9
4770,2
4771,4
4772,8
4773,1
4774,2
4775,4
4776,8
4777,3
4778,7
4779,7
4780,5
4781,1
4782,7
4783,7
4784,0
4785,9
4786,0
4787,8
4788,3
4789,9
4790,4
4791,5
4792,5
4793,3
4794,7
4795,6
4796,9
4797,4
4798,1
4799,5
4800,1
4801,4
4802,8
4803,0
4804,6
4805,1
4806,2
4807,9
4808,5
4809,5
4810,0
4811,6
4812,4
4813,4
4814,9
4815,9
4816,0
4817,9
4818,6
4819,6
4820,1
4821,7
4822,0
4823,1
4824,6
4825,3
4826,5
4827,3
4828,7
4829,5
4830,6
4831,7
4832,6
4833,4
4834,6
4835,9
4836,5
4837,6
4838,8
4839,3
4840,0
4841,8
4842,5
4843,6
4844,7
4845,9
4846,6
4847,4
4848,5
4849,7
4850,0
4851,1
4852,3
4853,2
4854,9
4855,6
4856,2
4857,3
4858,1
4859,6
4860,6
4861,5
4862,0
4863,0
4864,7
4865,0
4866,4
4867,2
4868,9
4869,0
4870,2
4871,7
4872,4
4873,5
4874,2
4875,9
4876,8
4877,7
4878,7
4879,5
4880,0
4881,8
4882,2
4883,8
4884,1
4885,6
4886,9
4887,3
4888,0
4889,0
4890,3
4891,3
4892,7
4893,0
4894,3
4895,8
4896,2
4897,4
4898,8
4899,9
4900,7
4901,6
4902,9
4903,7
4904,8
4905,8
4906,5
4907,1
4908,8
4909,3
4910,0
4911,4
4912,1
4913,4
4914,6
4915,0
4916,2
4917,2
4918,8
4919,1
4920,0
4921,0
4922,3
4923,8
4924,1
4925,3
4926,0
4927,4
4928,4
4929,1
4930,0
4931,2
4932,1
4933,8
4934,5
4935,5
4936,1
4937,0
4938,8
4939,8
4940,0
4941,5
4942,1
4943,6
4944,6
4945,1
4946,8
4947,8
4948,3
4949,7
4950,3
4951,3
4952,1
4953,3
4954,9
4955,1
4956,1
4957,7
4958,3
4959,7
4960,8
4961,8
4962,4
4963,6
4964,3
4965,4
4966,3
4967,0
4968,5
4969,4
4970,7
4971,1
4972,2
4973,8
4974,4
4975,0
4976,3
4977,5
4978,5
4979,4
4980,2
4981,2
4982,2
4983,1
4984,5
4985,0
4986,3
4987,3
4988,3
4989,4
4990,1
4991,7
4992,5
4993,9
4994,8
4995,0
4996,1
4997,5
4998,4
4999,0
5000,1
5001,9
5002,6
5003,6
5004,7
5005,0
5006,7
5007,1
5008,7
5009,3
5010,7
5011,7
5012,0
5013,1
5014,5
5015,9
5016,5
5017,8
5018,4
5019,2
5020,0
5021,8
5022,6
5023,1
5024,5
5025,5
5026,6
5027,2
5028,8
5029,1
5030,7
5031,5
5032,0
5033,7
5034,7
5035,4
5036,2
5037,3
5038,4
5039,2
5040,5
5041,0
5042,2
5043,9
5044,6
5045,0
5046,3
5047,8
5048,3
5049,2
5050,5
5051,4
5052,1
5053,6
5054,5
5055,4
5056,9
5057,8
5058,0
5059,5
5060,3
5061,8
5062,7
5063,2
5064,8
5065,8
5066,2
5067,9
5068,7
5069,0
5070,1
5071,2
5072,7
5073,9
5074,4
5075,0
5076,0
5077,9
5078,0
5079,2
5080,4
5081,4
5082,7
5083,6
5084,9
5085,7
5086,3
5087,6
5088,0
5089,5
5090,1
5091,4
5092,4
5093,0
5094,1
5095,9
5096,8
5097,2
5098,3
5099,3
5100,1
5101,9
5102,0
5103,2
5104,8
5105,8
5106,4
5107,6
5108,2
5109,4
5110,5
5111,5
5112,6
5113,8
5114,6
5115,7
5116,3
5117,5
5118,9
5119,6
5120,4
5121,5
5122,7
5123,0
5124,1
5125,2
5126,6
5127,6
5128,1
5129,7
5130,9
5131,4
5132,8
5133,7
5134,7
5135,2
5136,8
5137,9
5138,9
5139,8
5140,7
5141,0
5142,1
5143,2
5144,3
5145,3
5146,7
5147,9
5148,3
5149,3
5150,3
5151,3
5152,6
5153,0
5154,0
5155,3
5156,6
5157,5
5158,1
5159,5
5160,9
5161,7
5162,8
5163,3
5164,9
5165,9
5166,7
5167,1
5168,1
5169,3
5170,5
5171,9
5172,4
5173,1
5174,0
5175,4
5176,7
5177,1
5178,4
5179,5
5180,7
5181,3
5182,6
5183,2
5184,4
5185,2
5186,1
5187,9
5188,2
5189,6
5190,8
5191,9
5192,4
5193,6
5194,9
5195,8
5196,9
5197,3
5198,0
5199,1
5200,0
5201,8
5202,2
5203,0
5204,3
5205,1
5206,5
5207,6
5208,5
5209,1
5210,1
5211,5
5212,3
5213,7
5214,0
5215,3
5216,7
5217,6
5218,5
5219,2
5220,4
5221,1
5222,6
5223,3
5224,2
5225,8
5226,4
5227,7
5228,6
5229,8
5230,2
5231,0
5232,8
5233,0
5234,7
5235,7
5236,6
5237,4
5238,2
5239,2
5240,5
5241,2
5242,8
5243,3
5244,3
5245,6
5246,2
5247,2
5248,6
5249,4
5250,0
5251,9
5252,4
5253,1
5254,4
5255,9
5256,2
5257,1
5258,1
5259,7
5260,4
5261,7
5262,7
5263,8
5264,8
5265,7
5266,4
5267,4
5268,6
5269,0
5270,1
5271,9
5272,7
5273,7
5274,9
5275,5
5276,5
5277,8
5278,2
5279,0
5280,4
5281,7
5282,3
5283,2
5284,3
5285,1
5286,7
5287,4
5288,3
5289,0
5290,1
5291,2
5292,0
5293,6
5294,7
5295,5
5296,6
5297,9
5298,2
5299,8
5300,1
5301,2
5302,6
5303,3
5304,3
5305,2
5306,1
5307,4
5308,0
5309,6
5310,3
5311,8
5312,9
5313,4
5314,7
5315,0
5316,2
5317,6
5318,7
5319,2
5320,8
5321,0
5322,5
5323,1
5324,0
5325,2
5326,7
5327,4
5328,6
5329,0
5330,8
5331,5
5332,5
5333,5
5334,3
5335,6
5336,1
5337,8
5338,7
5339,7
5340,0
5341,7
5342,3
5343,1
5344,7
5345,5
5346,9
5347,5
5348,8
5349,6
5350,2
5351,6
5352,3
5353,8
5354,3
5355,4
5356,6
5357,9
5358,7
5359,4
5360,3
5361,8
5362,8
5363,3
5364,8
5365,9
5366,7
5367,6
5368,3
5369,9
5370,8
5371,2
5372,1
5373,5
5374,5
5375,3
5376,4
5377,3
5378,0
5379,1
5380,9
5381,0
5382,8
5383,1
5384,3
5385,7
5386,7
5387,0
5388,2
5389,8
5390,1
5391,7
5392,8
5393,7
5394,1
5395,9
5396,4
5397,1
5398,0
5399,3
5400,1
5401,0
5402,2
5403,0
5404,8
5405,6
5406,0
5407,3
5408,8
5409,5
5410,6
5411,4
5412,6
5413,6
5414,6
5415,2
5416,5
5417,2
5418,0
5419,0
5420,1
5421,7
5422,3
5423,0
5424,8
5425,7
5426,8
5427,7
5428,2
5429,7
5430,8
5431,7
5432,5
5433,1
5434,9
5435,7
5436,5
5437,0
5438,1
5439,8
5440,3
5441,7
5442,7
5443,0
5444,6
5445,7
5446,4
5447,9
5448,3
5449,4
5450,8
5451,6
5452,5
5453,2
5454,2
5455,7
5456,0
5457,0
5458,1
5459,9
5460,8
5461,6
5462,6
5463,7
5464,4
5465,7
5466,4
5467,3
5468,2
5469,1
5470,3
5471,1
5472,7
5473,4
5474,9
5475,6
5476,2
5477,8
5478,0
5479,6
5480,1
5481,4
5482,7
5483,7
5484,6
5485,5
5486,4
5487,6
5488,8
5489,7
5490,6
5491,9
5492,9
5493,4
5494,6
5495,8
5496,2
5497,8
5498,3
5499,1
5500,7
5501,5
5502,8
5503,3
5504,6
5505,5
5506,5
5507,5
5508,7
5509,1
5510,8
5511,8
5512,4
5513,8
5514,3
5515,0
5516,0
5517,9
5518,1
5519,9
5520,9
5521,2
5522,2
5523,4
5524,2
5525,3
5526,9
5527,6
5528,2
5529,8
5530,1
5531,3
5532,5
5533,2
5534,2
5535,5
5536,9
5537,5
5538,6
5539,8
5540,7
5541,2
5542,3
5543,9
5544,1
5545,9
5546,9
5547,2
5548,7
5549,3
5550,6
5551,7
5552,6
5553,1
5554,0
5555,0
5556,3
5557,6
5558,4
5559,9
5560,9
5561,5
5562,5
5563,3
5564,5
5565,8
5566,7
5567,6
5568,8
5569,1
5570,1
5571,6
5572,7
5573,3
5574,1
5575,0
5576,0
5577,7
5578,7
5579,6
5580,5
5581,5
5582,0
5583,7
5584,2
5585,9
5586,7
5587,9
5588,1
5589,0
5590,9
5591,3
5592,1
5593,3
5594,4
5595,8
5596,2
5597,8
5598,4
5599,6
5600,3
5601,5
5602,3
5603,0
5604,8
5605,2
5606,7
5607,3
5608,2
5609,9
5610,0
5611,4
5612,6
5613,7
5614,4
5615,1
5616,5
5617,9
5618,7
5619,1
5620,8
5621,5
5622,2
5623,3
5624,4
5625,0
5626,2
5627,9
5628,8
5629,8
5630,3
5631,1
5632,5
5633,3
5634,5
5635,1
5636,9
5637,6
5638,7
5639,2
5640,4
5641,8
5642,6
5643,9
5644,0
5645,1
5646,0
5647,2
5648,8
5649,6
5650,7
5651,3
5652,3
5653,4
5654,0
5655,6
5656,1
5657,8
5658,4
5659,0
5660,1
5661,0
5662,4
5663,3
5664,6
5665,1
5666,1
5667,9
5668,3
5669,2
5670,8
5671,3
5672,5
5673,4
5674,5
5675,4
5676,9
5677,9
5678,1
5679,7
5680,9
5681,1
5682,3
5683,1
5684,7
5685,6
5686,1
5687,8
5688,7
5689,8
5690,6
5691,2
5692,5
5693,1
5694,2
5695,0
5696,6
5697,7
5698,7
5699,2
5700,8
5701,7
5702,9
5703,1
5704,4
5705,3
5706,9
5707,2
5708,2
5709,9
5710,6
5711,3
5712,9
5713,2
5714,8
5715,0
5716,0
5717,4
5718,7
5719,5
5720,4
5721,8
5722,9
5723,0
5724,0
5725,5
5726,0
5727,6
5728,2
5729,1
5730,2
5731,0
5732,4
5733,6
5734,8
5735,6
5736,7
5737,7
5738,7
5739,0
5740,1
5741,6
5742,9
5743,2
5744,3
5745,2
5746,2
5747,7
5748,7
5749,3
5750,2
5751,8
5752,2
5753,5
5754,6
5755,2
5756,8
5757,2
5758,0
5759,2
5760,8
5761,6
5762,3
5763,3
5764,6
5765,0
5766,7
5767,6
5768,6
5769,1
5770,0
5771,7
5772,9
5773,7
5774,7
5775,8
5776,7
5777,2
5778,1
5779,6
5780,5
5781,4
5782,7
5783,0
5784,5
5785,2
5786,9
5787,8
5788,3
5789,3
5790,2
5791,4
5792,1
5793,6
5794,7
5795,6
5796,2
5797,3
5798,7
5799,0
5800,0
5801,7
5802,4
5803,3
5804,9
5805,5
5806,4
5807,2
5808,5
5809,1
5810,6
5811,1
5812,1
5813,7
5814,3
5815,0
5816,9
5817,5
5818,9
5819,2
5820,6
5821,8
5822,7
5823,2
5824,5
5825,4
5826,1
5827,9
5828,5
5829,9
5830,5
5831,2
5832,2
5833,5
5834,2
5835,4
5836,6
5837,0
5838,1
5839,6
5840,2
5841,1
5842,9
5843,2
5844,6
5845,0
5846,2
5847,3
5848,7
5849,0
5850,1
5851,4
5852,5
5853,0
5854,7
5855,3
5856,1
5857,5
5858,7
5859,8
5860,8
5861,9
5862,5
5863,5
5864,6
5865,5
5866,1
5867,7
5868,4
5869,2
5870,7
5871,7
5872,9
5873,2
5874,3
5875,1
5876,3
5877,2
5878,2
5879,0
5880,5
5881,1
5882,0
5883,5
5884,2
5885,9
5886,4
5887,6
5888,2
5889,7
5890,1
5891,7
5892,2
5893,0
5894,5
5895,0
5896,4
5897,8
5898,7
5899,1
5900,4
5901,8
5902,2
5903,1
5904,9
5905,4
5906,0
5907,4
5908,1
5909,4
5910,4
5911,1
5912,6
5913,2
5914,8
5915,9
5916,2
5917,6
5918,2
5919,4
5920,5
5921,3
5922,1
5923,1
5924,5
5925,6
5926,7
5927,9
5928,0
5929,1
5930,8
5931,6
5932,8
5933,6
5934,1
5935,1
5936,7
5937,9
5938,4
5939,2
5940,3
5941,2
5942,5
5943,1
5944,0
5945,2
5946,1
5947,4
5948,8
5949,5
5950,1
5951,0
5952,9
5953,7
5954,1
5955,8
5956,3
5957,5
5958,5
5959,8
5960,8
5961,0
5962,7
5963,9
5964,0
5965,3
5966,6
5967,3
5968,1
5969,3
5970,2
5971,0
5972,1
5973,9
5974,1
5975,1
5976,4
5977,4
5978,3
5979,0
5980,1
5981,7
5982,6
5983,1
5984,5
5985,8
5986,1
5987,2
5988,1
5989,7
5990,7
5991,2
5992,5
5993,3
5994,9
5995,8
5996,5
5997,9
5998,0
5999,2
6000,0
6001,4
6002,1
6003,0
6004,4
6005,1
6006,4
6007,0
6008,3
6009,2
6010,6
6011,6
6012,8
6013,0
6014,6
6015,7
6016,5
6017,0
6018,4
6019,1
6020,1
6021,6
6022,7
6023,0
6024,7
6025,0
6026,2
6027,3
6028,0
6029,7
6030,1
6031,7
6032,0
6033,2
6034,5
6035,1
6036,2
6037,1
6038,1
6039,4
6040,7
6041,5
6042,9
6043,3
6044,5
6045,7
6046,2
6047,7
6048,6
6049,6
6050,3
6051,2
6052,6
6053,0
6054,5
6055,1
6056,9
6057,7
6058,4
6059,1
6060,2
6061,9
6062,4
6063,1
6064,2
6065,2
6066,9
6067,7
6068,6
6069,8
6070,8
6071,4
6072,0
6073,4
6074,1
6075,6
6076,6
6077,3
6078,3
6079,7
6080,2
6081,4
6082,8
6083,6
6084,2
6085,2
6086,6
6087,6
6088,4
6089,7
6090,9
6091,1
6092,5
6093,7
6094,1
6095,9
6096,4
6097,1
6098,6
6099,7
6100,6
6101,4
6102,4
6103,7
6104,6
6105,7
6106,3
6107,0
6108,3
6109,0
6110,8
6111,1
6112,5
6113,6
6114,7
6115,3
6116,4
6117,6
6118,8
6119,8
6120,6
6121,0
6122,2
6123,8
6124,1
6125,7
6126,8
6127,1
6128,7
6129,2
6130,0
6131,6
6132,2
6133,6
6134,2
6135,7
6136,9
6137,7
6138,7
6139,8
6140,8
6141,7
6142,9
6143,5
6144,7
6145,7
6146,6
6147,8
6148,2
6149,6
6150,3
6151,9
6152,3
6153,2
6154,7
6155,9
6156,1
6157,9
6158,7
6159,9
6160,3
6161,2
6162,2
6163,2
6164,6
6165,0
6166,0
6167,1
6168,7
6169,0
6170,3
6171,9
6172,9
6173,4
6174,6
6175,1
6176,3
6177,0
6178,4
6179,4
6180,9
6181,8
6182,4
6183,1
6184,1
6185,6
6186,5
6187,8
6188,9
6189,9
6190,6
6191,3
6192,7
6193,3
6194,4
6195,0
6196,2
6197,7
6198,9
6199,2
6200,0
6201,9
6202,8
6203,6
6204,5
6205,5
6206,3
6207,8
6208,7
6209,1
6210,8
6211,8
6212,9
6213,0
6214,0
6215,1
6216,4
6217,2
6218,3
6219,4
6220,6
6221,4
6222,3
6223,5
6224,3
6225,8
6226,3
6227,2
6228,3
6229,9
6230,8
6231,7
6232,7
6233,4
6234,8
6235,8
6236,7
6237,1
6238,5
6239,9
6240,3
6241,2
6242,1
6243,5
6244,6
6245,1
6246,0
6247,6
6248,6
6249,8
6250,0
6251,1
6252,4
6253,0
6254,7
6255,3
6256,3
6257,5
6258,8
6259,4
6260,0
6261,2
6262,7
6263,1
6264,7
6265,7
6266,0
6267,0
6268,7
6269,6
6270,1
6271,3
6272,2
6273,5
6274,1
6275,8
6276,0
6277,4
6278,4
6279,2
6280,9
6281,3
6282,0
6283,2
6284,7
6285,2
6286,4
6287,1
6288,1
6289,3
6290,6
6291,4
6292,9
6293,1
6294,7
6295,9
6296,5
6297,5
6298,7
6299,9
6300,1
6301,5
6302,8
6303,2
6304,2
6305,7
6306,3
6307,2
6308,2
6309,1
6310,3
6311,8
6312,4
6313,9
6314,9
6315,3
6316,8
6317,1
6318,1
6319,0
6320,2
6321,4
6322,7
6323,0
6324,8
6325,6
6326,7
6327,3
6328,9
6329,5
6330,4
6331,1
6332,9
6333,8
6334,7
6335,4
6336,1
6337,2
6338,9
6339,1
6340,8
6341,7
6342,8
6343,1
6344,1
6345,8
6346,4
6347,3
6348,8
6349,2
6350,7
6351,5
6352,7
6353,1
6354,6
6355,0
6356,8
6357,7
6358,5
6359,3
6360,2
6361,4
6362,6
6363,2
6364,6
6365,0
6366,8
6367,3
6368,3
6369,6
6370,1
6371,9
6372,9
6373,9
6374,8
6375,5
6376,6
6377,6
6378,2
6379,0
6380,6
6381,9
6382,2
6383,5
6384,8
6385,3
6386,7
6387,9
6388,4
6389,5
6390,6
6391,7
6392,8
6393,6
6394,4
6395,3
6396,3
6397,2
6398,2
6399,0
6400,3
6401,2
6402,5
6403,6
6404,9
6405,6
6406,6
6407,1
6408,1
6409,1
6410,2
6411,1
6412,3
6413,4
6414,0
6415,5
6416,7
6417,4
6418,6
6419,2
6420,8
6421,9
6422,0
6423,1
6424,5
6425,4
6426,1
6427,7
6428,9
6429,5
6430,3
6431,1
6432,9
6433,9
6434,6
6435,8
6436,9
6437,0
6438,2
6439,3
6440,8
6441,9
6442,3
6443,0
6444,8
6445,4
6446,2
6447,8
6448,9
6449,4
6450,3
6451,4
6452,6
6453,7
6454,2
6455,6
6456,0
6457,1
6458,2
6459,3
6460,1
6461,0
6462,0
6463,8
6464,9
6465,1
6466,9
6467,3
6468,4
6469,9
6470,5
6471,4
6472,4
6473,2
6474,0
6475,7
6476,1
6477,1
6478,1
6479,0
6480,1
6481,2
6482,7
6483,7
6484,3
6485,5
6486,3
6487,8
6488,0
6489,3
6490,1
6491,5
6492,3
6493,9
6494,4
6495,7
6496,9
6497,2
6498,1
6499,9
6500,0
6501,1
6502,8
6503,9
6504,6
6505,7
6506,1
6507,8
6508,3
6509,8
6510,4
6511,6
6512,5
6513,4
6514,9
6515,9
6516,3
6517,5
6518,1
6519,3
6520,1
6521,0
6522,9
6523,1
6524,4
6525,5
6526,4
6527,6
6528,7
6529,7
6530,9
6531,4
6532,0
6533,1
6534,1
6535,1
6536,7
6537,0
6538,6
6539,4
6540,1
6541,7
6542,1
6543,8
6544,9
6545,7
6546,3
6547,8
6548,0
6549,5
6550,9
6551,5
6552,4
6553,0
6554,4
6555,0
6556,7
6557,7
6558,3
6559,1
6560,1
6561,7
6562,9
6563,2
6564,3
6565,7
6566,3
6567,0
6568,8
6569,8
6570,9
6571,6
6572,0
6573,8
6574,1
6575,6
6576,8
6577,8
6578,1
6579,9
6580,2
6581,1
6582,2
6583,8
6584,5
6585,0
6586,0
6587,7
6588,4
6589,0
6590,4
6591,0
6592,2
6593,6
6594,1
6595,0
6596,3
6597,0
6598,0
6599,2
6600,2
6601,9
6602,8
6603,3
6604,4
6605,2
6606,5
6607,4
6608,0
6609,8
6610,7
6611,9
6612,7
6613,3
6614,3
6615,4
6616,4
6617,4
6618,1
6619,9
6620,1
6621,1
6622,3
6623,3
6624,8
6625,8
6626,1
6627,9
6628,6
6629,4
6630,5
6631,8
6632,3
6633,9
6634,0
6635,0
6636,4
6637,0
6638,9
6639,9
6640,8
6641,3
6642,0
6643,2
6644,4
6645,2
6646,4
6647,8
6648,7
6649,1
6650,7
6651,4
6652,6
6653,1
6654,8
6655,1
6656,0
6657,6
6658,2
6659,8
6660,4
6661,3
6662,9
6663,6
6664,8
6665,6
6666,1
6667,4
6668,7
6669,2
6670,1
6671,0
6672,9
6673,3
6674,8
6675,9
6676,4
6677,3
6678,6
6679,8
6680,2
6681,0
6682,0
6683,9
6684,4
6685,2
6686,0
6687,2
6688,3
6689,1
6690,8
6691,7
6692,2
6693,2
6694,1
6695,4
6696,1
6697,3
6698,5
6699,6
6700,7
6701,3
6702,4
6703,3
6704,1
6705,0
6706,6
6707,5
6708,3
6709,7
6710,3
6711,2
6712,5
6713,4
6714,8
6715,8
6716,9
6717,1
6718,9
6719,2
6720,7
6721,2
6722,4
6723,9
6724,7
6725,1
6726,5
6727,9
6728,8
6729,3
6730,5
6731,3
6732,5
6733,6
6734,6
6735,3
6736,4
6737,9
6738,1
6739,0
6740,1
6741,7
6742,2
6743,8
6744,0
6745,0
6746,5
6747,8
6748,3
6749,8
6750,8
6751,8
6752,2
6753,2
6754,6
6755,7
6756,5
6757,8
6758,7
6759,7
6760,5
6761,3
6762,5
6763,9
6764,2
6765,4
6766,7
6767,7
6768,0
6769,8
6770,3
6771,8
6772,2
6773,6
6774,0
6775,9
6776,7
6777,0
6778,7
6779,1
6780,2
6781,7
6782,6
6783,7
6784,3
6785,6
6786,0
6787,0
6788,8
6789,7
6790,9
6791,2
6792,3
6793,1
6794,4
6795,3
6796,3
6797,3
6798,5
6799,5
6800,4
6801,1
6802,2
6803,3
6804,0
6805,2
6806,4
6807,4
6808,5
6809,3
6810,0
6811,5
6812,7
6813,4
6814,4
6815,9
6816,8
6817,0
6818,2
6819,6
6820,1
6821,8
6822,2
6823,4
6824,9
6825,9
6826,4
6827,8
6828,9
6829,0
6830,9
6831,2
6832,4
6833,2
6834,0
6835,1
6836,3
6837,8
6838,4
6839,1
6840,0
6841,7
6842,8
6843,7
6844,1
6845,7
6846,3
6847,7
6848,2
6849,9
6850,7
6851,5
6852,4
6853,6
6854,5
6855,3
6856,9
6857,8
6858,7
6859,3
6860,7
6861,1
6862,1
6863,0
6864,9
6865,0
6866,2
6867,2
6868,3
6869,3
6870,5
6871,5
6872,9
6873,5
6874,9
6875,1
6876,3
6877,4
6878,4
6879,9
6880,0
6881,7
6882,6
6883,2
6884,3
6885,7
6886,9
6887,9
6888,3
6889,9
6890,4
6891,9
6892,3
6893,1
6894,6
6895,6
6896,6
6897,0
6898,6
6899,9
6900,1
6901,2
6902,7
6903,0
6904,7
6905,4
6906,6
6907,3
6908,7
6909,8
6910,2
6911,6
6912,5
6913,4
6914,5
6915,0
6916,5
6917,9
6918,6
6919,4
6920,3
6921,2
6922,9
6923,2
6924,4
6925,1
6926,7
6927,8
6928,6
6929,0
6930,7
6931,4
6932,5
6933,4
6934,2
6935,0
6936,6
6937,9
6938,9
6939,0
6940,2
6941,4
6942,1
6943,7
6944,6
6945,8
6946,7
6947,1
6948,7
6949,9
6950,8
6951,3
6952,7
6953,7
6954,7
6955,9
6956,0
6957,4
6958,4
6959,8
6960,2
6961,1
6962,1
6963,2
6964,3
6965,2
6966,7
6967,9
6968,0
6969,0
6970,0
6971,3
6972,1
6973,0
6974,4
6975,5
6976,7
6977,3
6978,0
6979,5
6980,9
6981,1
6982,6
6983,0
6984,9
6985,6
6986,6
6987,3
6988,3
6989,5
6990,4
6991,2
6992,4
6993,9
6994,4
6995,2
6996,4
6997,1
6998,9
6999,3
7000,7
7001,5
7002,1
7003,4
7004,8
7005,6
7006,6
7007,3
7008,2
7009,1
7010,9
7011,4
7012,8
7013,3
7014,1
7015,5
7016,9
7017,2
7018,3
7019,3
7020,2
7021,8
7022,3
7023,5
7024,3
7025,0
7026,7
7027,8
7028,4
7029,2
7030,5
7031,1
7032,1
7033,0
7034,7
7035,1
7036,9
7037,4
7038,1
7039,1
7040,3
7041,2
7042,6
7043,6
7044,2
7045,7
7046,8
7047,7
7048,1
7049,8
7050,4
7051,5
7052,8
7053,2
7054,3
7055,8
7056,1
7057,1
7058,3
7059,0
7060,1
7061,1
7062,1
7063,2
7064,4
7065,0
7066,5
7067,1
7068,9
7069,2
7070,2
7071,5
7072,2
7073,5
7074,8
7075,3
7076,2
7077,0
7078,3
7079,4
7080,8
7081,3
7082,0
7083,2
7084,9
7085,7
7086,4
7087,1
7088,2
7089,3
7090,3
7091,1
7092,5
7093,9
7094,9
7095,2
7096,7
7097,1
7098,0
7099,2
7100,5
7101,7
7102,9
7103,9
7104,1
7105,6
7106,0
7107,5
7108,3
7109,9
7110,8
7111,0
7112,1
7113,6
7114,8
7115,3
7116,3
7117,2
7118,3
7119,2
7120,0
7121,0
7122,4
7123,5
7124,5
7125,5
7126,8
7127,4
7128,1
7129,2
7130,2
7131,7
7132,3
7133,1
7134,8
7135,9
7136,1
7137,7
7138,8
7139,8
7140,1
7141,1
7142,4
7143,4
7144,6
7145,5
7146,9
7147,8
7148,7
7149,7
7150,1
7151,1
7152,6
7153,9
7154,1
7155,5
7156,6
7157,3
7158,3
7159,1
7160,1
7161,1
7162,2
7163,6
7164,3
7165,5
7166,1
7167,2
7168,8
7169,0
7170,2
7171,2
7172,7
7173,4
7174,3
7175,4
7176,3
7177,9
7178,6
7179,0
7180,3
7181,7
7182,7
7183,0
7184,9
7185,9
7186,6
7187,2
7188,1
7189,0
7190,8
7191,4
7192,3
7193,9
7194,2
7195,3
7196,3
7197,5
7198,8
7199,1
7200,0
7201,6
7202,5
7203,2
7204,2
7205,4
7206,5
7207,7
7208,0
7209,3
7210,4
7211,9
7212,3
7213,8
7214,2
7215,0
7216,3
7217,7
7218,2
7219,7
7220,5
7221,5
7222,8
7223,4
7224,7
7225,7
7226,2
7227,5
7228,1
7229,1
7230,7
7231,2
7232,5
7233,3
7234,9
7235,8
7236,0
7237,4
7238,9
7239,6
7240,9
7241,7
7242,6
7243,2
7244,7
7245,3
7246,3
7247,8
7248,5
7249,4
7250,9
7251,3
7252,3
7253,9
7254,3
7255,0
7256,6
7257,8
7258,2
7259,6
7260,4
7261,1
7262,4
7263,6
7264,3
7265,5
7266,1
7267,1
7268,3
7269,0
7270,1
7271,3
7272,7
7273,3
7274,6
7275,6
7276,4
7277,3
7278,5
7279,7
7280,6
7281,8
7282,3
7283,7
7284,0
7285,4
7286,4
7287,7
7288,3
7289,7
7290,8
7291,1
7292,8
7293,2
7294,8
7295,0
7296,8
7297,7
7298,0
7299,7
7300,1
7301,1
7302,7
7303,0
7304,5
7305,5
7306,4
7307,5
7308,7
7309,9
7310,5
7311,5
7312,8
7313,9
7314,6
7315,8
7316,7
7317,7
7318,4
7319,4
7320,6
7321,2
7322,6
7323,0
7324,5
7325,8
7326,4
7327,2
7328,4
7329,8
7330,4
7331,1
7332,7
7333,4
7334,0
7335,4
7336,5
7337,5
7338,4
7339,4
7340,1
7341,9
7342,6
7343,2
7344,1
7345,6
7346,5
7347,5
7348,8
7349,2
7350,4
7351,1
7352,9
7353,4
7354,6
7355,3
7356,8
7357,5
7358,2
7359,0
7360,1
7361,7
7362,2
7363,0
7364,2
7365,0
7366,6
7367,0
7368,0
7369,8
7370,7
7371,9
7372,2
7373,6
7374,3
7375,5
7376,7
7377,6
7378,8
7379,0
7380,0
7381,9
7382,0
7383,2
7384,2
7385,5
7386,7
7387,3
7388,9
7389,3
7390,7
7391,4
7392,6
7393,1
7394,1
7395,0
7396,0
7397,9
7398,3
7399,3
7400,3
7401,4
7402,9
7403,8
7404,1
7405,2
7406,6
7407,9
7408,0
7409,5
7410,0
7411,9
7412,8
7413,3
7414,5
7415,4
7416,4
7417,4
7418,6
7419,1
7420,8
7421,0
7422,6
7423,6
7424,5
7425,9
7426,8
7427,4
7428,6
7429,5
7430,3
7431,5
7432,8
7433,3
7434,2
7435,3
7436,5
7437,1
7438,6
7439,8
7440,6
7441,3
7442,2
7443,2
7444,8
7445,0
7446,7
7447,5
7448,4
7449,4
7450,3
7451,5
7452,1
7453,1
7454,0
7455,8
7456,7
7457,5
7458,3
7459,3
7460,8
7461,8
7462,5
7463,5
7464,2
7465,9
7466,7
7467,2
7468,5
7469,4
7470,9
7471,7
7472,3
7473,8
7474,5
7475,6
7476,7
7477,4
7478,3
7479,0
7480,2
7481,7
7482,0
7483,4
7484,5
7485,6
7486,0
7487,4
7488,2
7489,6
7490,3
7491,3
7492,1
7493,0
7494,8
7495,1
7496,6
7497,2
7498,1
7499,8
7500,6
7501,3
7502,7
7503,0
7504,4
7505,5
7506,7
7507,6
7508,5
7509,4
7510,2
7511,9
7512,5
7513,8
7514,4
7515,3
7516,5
7517,7
7518,2
7519,9
7520,3
7521,8
7522,6
7523,3
7524,4
7525,7
7526,6
7527,1
7528,1
7529,9
7530,5
7531,4
7532,9
7533,3
7534,6
7535,2
7536,6
7537,9
7538,7
7539,6
7540,0
7541,8
7542,3
7543,3
7544,9
7545,0
7546,7
7547,0
7548,8
7549,9
7550,9
7551,1
7552,2
7553,8
7554,6
7555,2
7556,4
7557,3
7558,4
7559,0
7560,1
7561,1
7562,6
7563,1
7564,1
7565,8
7566,9
7567,8
7568,6
7569,9
7570,6
7571,4
7572,7
7573,3
7574,3
7575,8
7576,9
7577,5
7578,1
7579,9
7580,5
7581,6
7582,4
7583,7
7584,2
7585,7
7586,0
7587,6
7588,1
7589,1
7590,0
7591,2
7592,8
7593,1
7594,5
7595,3
7596,7
7597,1
7598,1
7599,5
7600,5
7601,4
7602,3
7603,8
7604,7
7605,0
7606,6
7607,0
7608,3
7609,9
7610,2
7611,0
7612,1
7613,5
7614,8
7615,6
7616,0
7617,1
7618,2
7619,7
7620,7
7621,3
7622,4
7623,8
7624,7
7625,3
7626,3
7627,0
7628,0
7629,3
7630,4
7631,8
7632,9
7633,3
7634,2
7635,4
7636,7
7637,1
7638,2
7639,1
7640,8
7641,2
7642,7
7643,7
7644,2
7645,7
7646,9
7647,1
7648,9
7649,5
7650,6
7651,5
7652,7
7653,8
7654,6
7655,4
7656,8
7657,1
7658,7
7659,0
7660,2
7661,2
7662,4
7663,6
7664,1
7665,9
7666,0
7667,5
7668,1
7669,0
7670,7
7671,2
7672,1
7673,8
7674,0
7675,9
7676,2
7677,5
7678,3
7679,8
7680,8
7681,7
7682,2
7683,1
7684,2
7685,0
7686,7
7687,6
7688,7
7689,7
7690,9
7691,4
7692,0
7693,6
7694,2
7695,8
7696,3
7697,4
7698,1
7699,9
7700,1
7701,3
7702,6
7703,4
7704,2
7705,0
7706,8
7707,6
7708,4
7709,5
7710,6
7711,9
7712,8
7713,7
7714,4
7715,7
7716,8
7717,6
7718,9
7719,5
7720,3
7721,1
7722,4
7723,0
7724,5
7725,6
7726,9
7727,4
7728,6
7729,5
7730,9
7731,6
7732,7
7733,8
7734,0
7735,6
7736,2
7737,3
7738,5
7739,5
7740,3
7741,4
7742,9
7743,8
7744,9
7745,6
7746,5
7747,6
7748,8
7749,7
7750,7
7751,9
7752,0
7753,3
7754,2
7755,2
7756,3
7757,4
7758,6
7759,8
7760,9
7761,4
7762,5
7763,6
7764,0
7765,8
7766,5
7767,3
7768,9
7769,1
7770,1
7771,3
7772,1
7773,3
7774,1
7775,5
7776,2
7777,9
7778,4
7779,3
7780,4
7781,8
7782,9
7783,9
7784,3
7785,4
7786,0
7787,8
7788,8
7789,7
7790,4
7791,5
7792,4
7793,3
7794,5
7795,3
7796,5
7797,5
7798,9
7799,1
7800,9
7801,2
7802,6
7803,7
7804,2
7805,1
7806,0
7807,3
7808,7
7809,0
7810,2
7811,5
7812,2
7813,0
7814,3
7815,8
7816,4
7817,9
7818,2
7819,3
7820,8
7821,7
7822,3
7823,9
7824,9
7825,3
7826,5
7827,1
7828,4
7829,6
7830,2
7831,3
7832,4
7833,4
7834,4
7835,1
7836,4
7837,3
7838,4
7839,3
7840,4
7841,5
7842,4
7843,0
7844,1
7845,8
7846,8
7847,5
7848,2
7849,1
7850,3
7851,6
7852,8
7853,8
7854,2
7855,4
7856,3
7857,9
7858,2
7859,7
7860,7
7861,8
7862,3
7863,0
7864,5
7865,1
7866,4
7867,9
7868,9
7869,7
7870,4
7871,3
7872,9
7873,7
7874,1
7875,3
7876,1
7877,4
7878,3
7879,3
7880,6
7881,0
7882,7
7883,9
7884,8
7885,8
7886,4
7887,3
7888,1
7889,2
7890,6
7891,0
7892,8
7893,5
7894,8
7895,7
7896,7
7897,0
7898,0
7899,1
7900,7
7901,7
7902,5
7903,7
7904,5
7905,7
7906,9
7907,1
7908,4
7909,4
7910,5
7911,1
7912,3
7913,7
7914,9
7915,0
7916,6
7917,6
7918,1
7919,7
7920,2
7921,9
7922,3
7923,0
7924,1
7925,8
7926,7
7927,9
7928,1
7929,1
7930,2
7931,3
7932,3
7933,6
7934,6
7935,3
7936,3
7937,6
7938,5
7939,4
7940,0
7941,2
7942,7
7943,5
7944,7
7945,7
7946,3
7947,8
7948,9
7949,5
7950,3
7951,3
7952,6
7953,1
7954,8
7955,9
7956,8
7957,0
7958,0
7959,5
7960,1
7961,9
7962,2
7963,7
7964,3
7965,6
7966,4
7967,9
7968,6
7969,4
7970,8
7971,2
7972,8
7973,1
7974,5
7975,3
7976,3
7977,5
7978,9
7979,9
7980,8
7981,6
7982,7
7983,0
7984,3
7985,5
7986,6
7987,1
7988,3
7989,1
7990,9
7991,2
7992,9
7993,6
7994,1
7995,1
7996,8
7997,6
7998,4
7999,2
8000,1
8001,6
8002,3
8003,8
8004,4
8005,8
8006,5
8007,8
8008,1
8009,4
8010,4
8011,3
8012,2
8013,0
8014,6
8015,7
8016,7
8017,1
8018,3
8019,1
8020,6
8021,7
8022,4
8023,7
8024,9
8025,3
8026,1
8027,5
8028,1
8029,1
8030,6
8031,9
8032,7
8033,9
8034,7
8035,6
8036,1
8037,9
8038,6
8039,5
8040,2
8041,0
8042,8
8043,3
8044,4
8045,6
8046,4
8047,9
8048,8
8049,9
8050,8
8051,1
8052,9
8053,8
8054,2
8055,7
8056,7
8057,4
8058,1
8059,0
8060,4
8061,7
8062,3
8063,6
8064,7
8065,8
8066,5
8067,9
8068,8
8069,1
8070,9
8071,9
8072,3
8073,8
8074,4
8075,7
8076,7
8077,7
8078,0
8079,3
8080,3
8081,1
8082,6
8083,8
8084,2
8085,1
8086,1
8087,3
8088,9
8089,8
8090,1
8091,7
8092,9
8093,5
8094,3
8095,1
8096,9
8097,4
8098,5
8099,4
8100,8
8101,9
8102,6
8103,1
8104,9
8105,4
8106,3
8107,7
8108,5
8109,1
8110,9
8111,8
8112,3
8113,1
8114,7
8115,5
8116,2
8117,8
8118,6
8119,9
8120,2
8121,1
8122,0
8123,1
8124,3
8125,0
8126,8
8127,1
8128,7
8129,2
8130,7
8131,1
8132,1
8133,0
8134,9
8135,1
8136,9
8137,0
8138,1
8139,5
8140,0
8141,7
8142,7
8143,1
8144,2
8145,7
8146,1
8147,1
8148,8
8149,7
8150,7
8151,2
8152,0
8153,5
8154,3
8155,7
8156,0
8157,6
8158,8
8159,3
8160,3
8161,1
8162,8
8163,4
8164,4
8165,2
8166,6
8167,0
8168,0
8169,8
8170,9
8171,2
8172,0
8173,6
8174,3
8175,6
8176,4
8177,1
8178,7
8179,8
8180,0
8181,3
8182,1
8183,9
8184,5
8185,7
8186,6
8187,2
8188,2
8189,0
8190,9
8191,8
8192,8
8193,3
8194,4
8195,7
8196,7
8197,3
8198,4
8199,3
8200,4
8201,5
8202,2
8203,8
8204,4
8205,4
8206,7
8207,9
8208,1
8209,8
8210,5
8211,2
8212,9
8213,6
8214,9
8215,4
8216,9
8217,4
8218,8
8219,1
8220,5
8221,5
8222,3
8223,7
8224,2
8225,3
8226,9
8227,5
8228,7
8229,6
8230,4
8231,8
8232,9
8233,4
8234,3
8235,6
8236,4
8237,7
8238,7
8239,3
8240,3
8241,4
8242,5
8243,9
8244,4
8245,5
8246,8
8247,9
8248,1
8249,9
8250,5
8251,6
8252,0
8253,9
8254,7
8255,1
8256,1
8257,4
8258,0
8259,2
8260,8
8261,8
8262,0
8263,1
8264,8
8265,4
8266,7
8267,0
8268,8
8269,5
8270,0
8271,5
8272,1
8273,5
8274,9
8275,5
8276,3
8277,3
8278,3
8279,8
8280,3
8281,1
8282,8
8283,1
8284,0
8285,4
8286,3
8287,8
8288,3
8289,2
8290,8
8291,1
8292,2
8293,3
8294,5
8295,1
8296,3
8297,4
8298,5
8299,1
8300,6
8301,6
8302,9
8303,0
8304,7
8305,7
8306,0
8307,6
8308,3
8309,0
8310,2
8311,3
8312,6
8313,6
8314,0
8315,4
8316,3
8317,7
8318,5
8319,6
8320,5
8321,9
8322,9
8323,2
8324,8
8325,5
8326,5
8327,1
8328,4
8329,4
8330,8
8331,2
8332,0
8333,9
8334,7
8335,6
8336,8
8337,7
8338,1
8339,6
8340,6
8341,9
8342,7
8343,6
8344,7
8345,1
8346,5
8347,9
8348,7
8349,9
8350,4
8351,1
8352,4
8353,8
8354,3
8355,3
8356,9
8357,6
8358,3
8359,6
8360,3
8361,6
8362,7
8363,0
8364,1
8365,1
8366,3
8367,0
8368,4
8369,2
8370,2
8371,0
8372,7
8373,9
8374,0
8375,6
8376,4
8377,6
8378,1
8379,4
8380,2
8381,0
8382,0
8383,5
8384,4
8385,3
8386,2
8387,7
8388,0
8389,7
8390,1
8391,7
8392,4
8393,7
8394,8
8395,4
8396,7
8397,6
8398,2
8399,9
8400,9
8401,7
8402,3
8403,3
8404,0
8405,7
8406,8
8407,3
8408,5
8409,9
8410,3
8411,8
8412,6
8413,2
8414,6
8415,1
8416,4
8417,2
8418,4
8419,1
8420,5
8421,6
8422,1
8423,4
8424,7
8425,4
8426,4
8427,2
8428,2
8429,2
8430,6
8431,9
8432,8
8433,7
8434,3
8435,1
8436,8
8437,1
8438,1
8439,7
8440,3
8441,5
8442,1
8443,5
8444,8
8445,3
8446,5
8447,7
8448,6
8449,9
8450,6
8451,5
8452,2
8453,0
8454,6
8455,0
8456,9
8457,8
8458,0
8459,4
8460,8
8461,5
8462,6
8463,1
8464,6
8465,5
8466,4
8467,2
8468,8
8469,8
8470,5
8471,3
8472,1
8473,2
8474,8
8475,3
8476,6
8477,7
8478,8
8479,1
8480,9
8481,8
8482,0
8483,3
8484,6
8485,3
8486,4
8487,7
8488,3
8489,0
8490,7
8491,5
8492,0
8493,9
8494,4
8495,4
8496,6
8497,5
8498,9
8499,9
8500,9
8501,8
8502,9
8503,4
8504,1
8505,6
8506,7
8507,0
8508,8
8509,9
8510,6
8511,8
8512,1
8513,7
8514,2
8515,6
8516,8
8517,9
8518,7
8519,4
8520,4
8521,5
8522,9
8523,2
8524,7
8525,6
8526,5
8527,9
8528,0
8529,0
8530,5
8531,2
8532,0
8533,3
8534,6
8535,0
8536,6
8537,5
8538,3
8539,0
8540,4
8541,0
8542,8
8543,2
8544,0
8545,9
8546,3
8547,4
8548,9
8549,5
8550,4
8551,7
8552,2
8553,7
8554,5
8555,8
8556,4
8557,8
8558,9
8559,6
8560,6
8561,2
8562,1
8563,0
8564,1
8565,1
8566,6
8567,9
8568,3
8569,8
8570,6
8571,4
8572,4
8573,4
8574,0
8575,8
8576,1
8577,6
8578,9
8579,5
8580,1
8581,7
8582,0
8583,2
8584,2
8585,4
8586,7
8587,7
8588,5
8589,2
8590,0
8591,3
8592,0
8593,3
8594,5
8595,9
8596,6
8597,1
8598,5
8599,8
8600,0
8601,4
8602,6
8603,6
8604,4
8605,9
8606,3
8607,5
8608,5
8609,1
8610,4
8611,3
8612,6
8613,8
8614,9
8615,3
8616,9
8617,7
8618,1
8619,1
8620,6
8621,1
8622,4
8623,3
8624,7
8625,8
8626,2
8627,5
8628,7
8629,9
8630,0
8631,4
8632,8
8633,2
8634,6
8635,2
8636,4
8637,7
8638,3
8639,3
8640,5
8641,6
8642,5
8643,3
8644,0
8645,2
8646,1
8647,6
8648,1
8649,7
8650,5
8651,2
8652,7
8653,7
8654,3
8655,3
8656,7
8657,1
8658,8
8659,8
8660,5
8661,9
8662,7
8663,7
8664,3
8665,2
8666,0
8667,1
8668,9
8669,9
8670,2
8671,3
8672,2
8673,4
8674,7
8675,3
8676,4
8677,3
8678,8
8679,3
8680,6
8681,4
8682,3
8683,8
8684,0
8685,1
8686,6
8687,5
8688,1
8689,1
8690,4
8691,7
8692,4
8693,8
8694,0
8695,3
8696,8
8697,8
8698,1
8699,4
8700,0
8701,6
8702,6
8703,5
8704,5
8705,9
8706,6
8707,4
8708,4
8709,9
8710,1
8711,3
8712,9
8713,3
8714,5
8715,9
8716,9
8717,2
8718,9
8719,2
8720,1
8721,4
8722,6
8723,9
8724,5
8725,1
8726,7
8727,3
8728,2
8729,8
8730,0
8731,8
8732,8
8733,9
8734,5
8735,3
8736,0
8737,3
8738,7
8739,1
8740,2
8741,1
8742,6
8743,9
8744,8
8745,0
8746,4
8747,1
8748,4
8749,2
8750,4
8751,3
8752,5
8753,4
8754,0
8755,3
8756,9
8757,0
8758,6
8759,9
8760,6
8761,4
8762,1
8763,2
8764,8
8765,8
8766,1
8767,5
8768,1
8769,3
8770,7
8771,7
8772,8
8773,6
8774,4
8775,9
8776,6
8777,4
8778,4
8779,8
8780,9
8781,4
8782,3
8783,4
8784,3
8785,6
8786,8
8787,2
8788,2
8789,3
8790,8
8791,4
8792,6
8793,9
8794,6
8795,7
8796,1
8797,1
8798,1
8799,5
8800,8
8801,7
8802,9
8803,9
8804,3
8805,9
8806,7
8807,4
8808,9
8809,8
8810,4
8811,2
8812,2
8813,2
8814,7
8815,7
8816,8
8817,2
8818,5
8819,9
8820,6
8821,0
8822,4
8823,1
8824,9
8825,6
8826,4
8827,8
8828,3
8829,0
8830,6
8831,1
8832,7
8833,7
8834,2
8835,8
8836,4
8837,6
8838,2
8839,7
8840,0
8841,3
8842,0
8843,0
8844,4
8845,0
8846,1
8847,9
8848,8
8849,8
8850,7
8851,8
8852,9
8853,0
8854,7
8855,4
8856,8
8857,9
8858,2
8859,1
8860,5
8861,7
8862,1
8863,3
8864,7
8865,9
8866,7
8867,6
8868,4
8869,8
8870,1
8871,5
8872,2
8873,4
8874,3
8875,2
8876,9
8877,2
8878,8
8879,4
8880,5
8881,2
8882,6
8883,8
8884,3
8885,2
8886,1
8887,2
8888,7
8889,7
8890,2
8891,3
8892,4
8893,5
8894,4
8895,8
8896,6
8897,7
8898,1
8899,7
8900,4
8901,4
8902,8
8903,1
8904,2
8905,9
8906,9
8907,0
8908,3
8909,7
8910,7
8911,7
8912,5
8913,4
8914,2
8915,3
8916,3
8917,6
8918,8
8919,1
8920,4
8921,2
8922,2
8923,2
8924,0
8925,6
8926,5
8927,8
8928,8
8929,9
8930,2
8931,3
8932,3
8933,4
8934,3
8935,7
8936,9
8937,2
8938,9
8939,9
8940,6
8941,6
8942,5
8943,6
8944,4
8945,9
8946,7
8947,4
8948,4
8949,0
8950,7
8951,0
8952,9
8953,0
8954,9
8955,1
8956,0
8957,9
8958,8
8959,2
8960,2
8961,1
8962,7
8963,5
8964,5
8965,5
8966,7
8967,5
8968,2
8969,6
8970,2
8971,5
8972,7
8973,7
8974,5
8975,8
8976,6
8977,9
8978,8
8979,9
8980,6
8981,0
8982,3
8983,4
8984,1
8985,5
8986,8
8987,7
8988,6
8989,1
8990,8
8991,6
8992,5
8993,0
8994,2
8995,6
8996,1
8997,3
8998,9
8999,4
9000,0
9001,8
9002,5
9003,9
9004,9
9005,1
9006,7
9007,2
9008,2
9009,3
9010,9
9011,6
9012,7
9013,7
9014,4
9015,2
9016,0
9017,6
9018,3
9019,5
9020,3
9021,7
9022,4
9023,3
9024,5
9025,2
9026,7
9027,7
9028,1
9029,4
9030,9
9031,9
9032,3
9033,3
9034,8
9035,6
9036,3
9037,2
9038,4
9039,1
9040,8
9041,7
9042,0
9043,4
9044,3
9045,9
9046,0
9047,9
9048,1
9049,7
9050,9
9051,2
9052,7
9053,9
9054,7
9055,2
9056,1
9057,5
9058,4
9059,1
9060,1
9061,4
9062,4
9063,3
9064,7
9065,3
9066,3
9067,7
9068,7
9069,7
9070,4
9071,6
9072,2
9073,2
9074,1
9075,8
9076,9
9077,6
9078,4
9079,1
9080,9
9081,7
9082,3
9083,3
9084,2
9085,9
9086,7
9087,0
9088,3
9089,3
9090,5
9091,9
9092,8
9093,2
9094,1
9095,7
9096,0
9097,8
9098,9
9099,0
9100,8
9101,6
9102,4
9103,4
9104,4
9105,4
9106,0
9107,6
9108,7
9109,8
9110,6
9111,1
9112,4
9113,2
9114,5
9115,1
9116,7
9117,9
9118,2
9119,2
9120,3
9121,6
9122,8
9123,2
9124,7
9125,3
9126,5
9127,0
9128,0
9129,7
9130,5
9131,7
9132,9
9133,2
9134,0
9135,1
9136,0
9137,8
9138,8
9139,1
9140,3
9141,3
9142,4
9143,2
9144,4
9145,3
9146,7
9147,7
9148,0
9149,4
9150,6
9151,5
9152,7
9153,0
9154,8
9155,7
9156,4
9157,1
9158,3
9159,6
9160,1
9161,9
9162,0
9163,0
9164,0
9165,5
9166,2
9167,9
9168,3
9169,0
9170,0
9171,8
9172,0
9173,2
9174,1
9175,9
9176,7
9177,8
9178,0
9179,1
9180,1
9181,9
9182,0
9183,0
9184,6
9185,4
9186,8
9187,8
9188,0
9189,7
9190,4
9191,7
9192,5
9193,8
9194,8
9195,9
9196,9
9197,6
9198,4
9199,6
9200,7
9201,8
9202,6
9203,8
9204,7
9205,8
9206,5
9207,4
9208,6
9209,6
9210,7
9211,7
9212,4
9213,8
9214,8
9215,7
9216,8
9217,8
9218,8
9219,9
9220,7
9221,8
9222,0
9223,6
9224,4
9225,8
9226,3
9227,1
9228,5
9229,1
9230,3
9231,8
9232,1
9233,7
9234,3
9235,3
9236,2
9237,3
9238,7
9239,2
9240,1
9241,2
9242,5
9243,2
9244,3
9245,4
9246,9
9247,3
9248,9
9249,1
9250,1
9251,2
9252,4
9253,4
9254,1
9255,1
9256,3
9257,5
9258,1
9259,7
9260,7
9261,0
9262,2
9263,3
9264,5
9265,0
9266,5
9267,0
9268,6
9269,7
9270,6
9271,6
9272,4
9273,3
9274,2
9275,1
9276,8
9277,8
9278,0
9279,1
9280,1
9281,1
9282,9
9283,5
9284,8
9285,1
9286,4
9287,1
9288,1
9289,9
9290,5
9291,9
9292,7
9293,7
9294,0
9295,2
9296,8
9297,0
9298,4
9299,9
9300,8
9301,6
9302,1
9303,0
9304,1
9305,6
9306,8
9307,1
9308,5
9309,4
9310,9
9311,7
9312,4
9313,5
9314,3
9315,1
9316,0
9317,8
9318,0
9319,6
9320,3
9321,0
9322,2
9323,8
9324,3
9325,5
9326,8
9327,3
9328,7
9329,3
9330,3
9331,2
9332,8
9333,8
9334,7
9335,1
9336,7
9337,6
9338,0
9339,7
9340,8
9341,5
9342,5
9343,0
9344,8
9345,8
9346,2
9347,8
9348,7
9349,1
9350,6
9351,9
9352,7
9353,5
9354,3
9355,3
9356,0
9357,9
9358,7
9359,0
9360,8
9361,6
9362,2
9363,6
9364,2
9365,6
9366,5
9367,2
9368,2
9369,0
9370,2
9371,7
9372,0
9373,7
9374,1
9375,4
9376,8
9377,0
9378,1
9379,3
9380,3
9381,9
9382,4
9383,5
9384,1
9385,4
9386,7
9387,1
9388,7
9389,7
9390,4
9391,6
9392,5
9393,4
9394,2
9395,6
9396,6
9397,4
9398,9
9399,0
9400,8
9401,9
9402,2
9403,2
9404,7
9405,8
9406,1
9407,9
9408,1
9409,5
9410,8
9411,2
9412,4
9413,5
9414,6
9415,0
9416,7
9417,8
9418,4
9419,3
9420,2
9421,5
9422,4
9423,5
9424,5
9425,7
9426,2
9427,6
9428,2
9429,1
9430,6
9431,7
9432,7
9433,4
9434,5
9435,7
9436,2
9437,9
9438,9
9439,5
9440,1
9441,1
9442,1
9443,8
9444,1
9445,9
9446,5
9447,7
9448,4
9449,6
9450,0
9451,6
9452,0
9453,8
9454,7
9455,1
9456,6
9457,9
9458,9
9459,8
9460,2
9461,7
9462,8
9463,6
9464,3
9465,3
9466,2
9467,2
9468,4
9469,3
9470,9
9471,7
9472,3
9473,4
9474,5
9475,8
9476,0
9477,8
9478,8
9479,0
9480,2
9481,1
9482,0
9483,7
9484,7
9485,2
9486,9
9487,7
9488,1
9489,8
9490,4
9491,4
9492,3
9493,9
9494,0
9495,5
9496,1
9497,5
9498,8
9499,2
9500,8
9501,3
9502,7
9503,9
9504,8
9505,0
9506,4
9507,1
9508,0
9509,7
9510,8
9511,5
9512,9
9513,2
9514,2
9515,4
9516,3
9517,9
9518,5
9519,1
9520,5
9521,0
9522,0
9523,1
9524,6
9525,5
9526,1
9527,2
9528,4
9529,6
9530,6
9531,0
9532,2
9533,6
9534,4
9535,6
9536,1
9537,6
9538,5
9539,6
9540,2
9541,6
9542,4
9543,6
9544,0
9545,6
9546,9
9547,4
9548,7
9549,2
9550,8
9551,5
9552,6
9553,6
9554,2
9555,2
9556,3
9557,1
9558,3
9559,3
9560,9
9561,6
9562,9
9563,1
9564,8
9565,1
9566,8
9567,8
9568,0
9569,3
9570,6
9571,0
9572,7
9573,0
9574,1
9575,6
9576,1
9577,3
9578,7
9579,0
9580,6
9581,4
9582,0
9583,3
9584,3
9585,2
9586,9
9587,1
9588,6
9589,9
9590,8
9591,8
9592,8
9593,5
9594,2
9595,8
9596,9
9597,8
9598,3
9599,1
9600,9
9601,8
9602,7
9603,6
9604,7
9605,8
9606,3
9607,2
9608,0
9609,9
9610,9
9611,9
9612,6
9613,3
9614,0
9615,5
9616,4
9617,0
9618,7
9619,0
9620,3
9621,1
9622,9
9623,9
9624,2
9625,9
9626,5
9627,5
9628,7
9629,6
9630,5
9631,9
9632,9
9633,3
9634,9
9635,7
9636,7
9637,3
9638,6
9639,1
9640,3
9641,1
9642,6
9643,2
9644,6
9645,7
9646,5
9647,7
9648,8
9649,9
9650,4
9651,6
9652,9
9653,6
9654,5
9655,2
9656,6
9657,7
9658,3
9659,5
9660,9
9661,7
9662,4
9663,8
9664,4
9665,4
9666,0
9667,1
9668,3
9669,3
9670,7
9671,1
9672,1
9673,0
9674,6
9675,9
9676,7
9677,1
9678,9
9679,9
9680,9
9681,9
9682,7
9683,0
9684,2
9685,6
9686,5
9687,3
9688,7
9689,6
9690,6
9691,8
9692,4
9693,8
9694,1
9695,7
9696,3
9697,1
9698,2
9699,5
9700,2
9701,0
9702,8
9703,0
9704,5
9705,2
9706,3
9707,8
9708,8
9709,6
9710,6
9711,8
9712,6
9713,2
9714,9
9715,2
9716,2
9717,6
9718,9
9719,2
9720,7
9721,6
9722,2
9723,6
9724,0
9725,0
9726,0
9727,9
9728,0
9729,4
9730,2
9731,9
9732,4
9733,4
9734,0
9735,9
9736,2
9737,1
9738,4
9739,6
9740,2
9741,8
9742,0
9743,0
9744,6
9745,5
9746,1
9747,0
9748,2
9749,4
9750,3
9751,2
9752,8
9753,4
9754,7
9755,6
9756,3
9757,5
9758,3
9759,6
9760,2
9761,1
9762,9
9763,8
9764,9
9765,6
9766,6
9767,4
9768,2
9769,2
9770,6
9771,4
9772,2
9773,1
9774,3
9775,4
9776,6
9777,6
9778,0
9779,2
9780,4
9781,6
9782,0
9783,9
9784,1
9785,5
9786,9
9787,0
9788,3
9789,5
9790,1
9791,5
9792,1
9793,5
9794,4
9795,3
9796,7
9797,0
9798,9
9799,1
9800,8
9801,9
9802,9
9803,7
9804,9
9805,9
9806,9
9807,4
9808,0
9809,3
9810,8
9811,7
9812,3
9813,3
9814,3
9815,9
9816,9
9817,3
9818,7
9819,7
9820,6
9821,7
9822,3
9823,0
9824,8
9825,1
9826,9
9827,6
9828,1
9829,3
9830,7
9831,4
9832,8
9833,8
9834,0
9835,1
9836,4
9837,0
9838,2
9839,7
9840,4
9841,3
9842,8
9843,4
9844,3
9845,8
9846,6
9847,3
9848,6
9849,1
9850,1
9851,2
9852,0
9853,3
9854,7
9855,2
9856,6
9857,1
9858,6
9859,8
9860,9
9861,9
9862,0
9863,5
9864,5
9865,7
9866,0
9867,8
9868,5
9869,5
9870,2
9871,5
9872,1
9873,8
9874,5
9875,1
9876,7
9877,6
9878,1
9879,7
9880,0
9881,0
9882,3
9883,9
9884,0
9885,2
9886,0
9887,3
9888,3
9889,9
9890,3
9891,6
9892,1
9893,5
9894,6
9895,0
9896,7
9897,1
9898,5
9899,1
9900,4
9901,4
9902,1
9903,3
9904,4
9905,8
9906,5
9907,9
9908,6
9909,9
9910,8
9911,5
9912,5
9913,4
9914,7
9915,0
9916,8
9917,0
9918,9
9919,5
9920,4
9921,9
9922,5
9923,4
9924,9
9925,6
9926,6
9927,1
9928,1
9929,3
9930,7
9931,5
9932,2
9933,2
9934,6
9935,2
9936,2
9937,2
9938,7
9939,4
9940,5
9941,6
9942,5
9943,0
9944,1
9945,4
9946,2
9947,5
9948,2
9949,2
9950,7
9951,3
9952,4
9953,2
9954,7
9955,0
9956,2
9957,4
9958,9
9959,0
9960,5
9961,4
9962,2
9963,6
9964,6
9965,2
9966,6
9967,8
9968,4
9969,3
9970,1
9971,5
9972,4
9973,0
9974,7
9975,8
9976,9
9977,4
9978,7
9979,3
9980,8
9981,3
9982,6
9983,5
9984,8
9985,3
9986,6
9987,8
9988,2
9989,1
9990,8
9991,7
9992,1
9993,4
9994,4
9995,0
9996,2
9997,0
9998,0
9999,1
10000,7
10001,4
10002,0
10003,1
10004,1
10005,1
10006,1
10007,5
10008,9
10009,5
10010,8
10011,1
10012,1
10013,5
10014,6
10015,7
10016,4
10017,7
10018,2
10019,6
10020,0
10021,4
10022,5
10023,6
10024,7
10025,0
10026,8
10027,3
10028,1
10029,6
10030,0
10031,9
10032,0
10033,2
10034,2
10035,0
10036,8
10037,7
10038,1
10039,7
10040,0
10041,7
10042,1
10043,2
10044,1
10045,6
10046,9
10047,8
10048,6
10049,2
10050,6
10051,7
10052,7
10053,5
10054,2
10055,2
10056,2
10057,8
10058,6
10059,8
10060,1
10061,2
10062,2
10063,6
10064,4
10065,9
10066,9
10067,8
10068,2
10069,5
10070,1
10071,9
10072,1
10073,7
10074,3
10075,1
10076,4
10077,7
10078,6
10079,5
10080,0
10081,9
10082,8
10083,0
10084,9
10085,5
10086,6
10087,1
10088,3
10089,9
10090,7
10091,3
10092,5
10093,2
10094,9
10095,5
10096,8
10097,3
10098,2
10099,9
10100,0
10101,6
10102,0
10103,7
10104,7
10105,3
10106,1
10107,2
10108,7
10109,4
10110,4
10111,6
10112,5
10113,9
10114,4
10115,0
10116,3
10117,0
10118,1
10119,4
10120,0
10121,4
10122,4
10123,3
10124,0
10125,9
10126,4
10127,0
10128,3
10129,4
10130,4
10131,8
10132,2
10133,4
10134,8
10135,5
10136,4
10137,3
10138,3
10139,6
10140,0
10141,0
10142,5
10143,7
10144,6
10145,4
10146,3
10147,8
10148,3
10149,4
10150,4
10151,2
10152,7
10153,5
10154,3
10155,5
10156,1
10157,9
10158,2
10159,0
10160,4
10161,2
10162,0
10163,7
10164,3
10165,5
10166,3
10167,9
10168,7
10169,3
10170,0
10171,8
10172,8
10173,9
10174,1
10175,7
10176,8
10177,7
10178,5
10179,0
10180,3
10181,1
10182,5
10183,2
10184,9
10185,0
10186,5
10187,3
10188,5
10189,6
10190,0
10191,7
10192,8
10193,7
10194,1
10195,4
10196,9
10197,9
10198,8
10199,2
10200,8
10201,1
10202,6
10203,3
10204,7
10205,1
10206,2
10207,1
10208,4
10209,8
10210,3
10211,3
10212,1
10213,6
10214,1
10215,1
10216,3
10217,4
10218,2
10219,0
10220,0
10221,9
10222,2
10223,0
10224,8
10225,1
10226,3
10227,3
10228,8
10229,2
10230,1
10231,3
10232,4
10233,7
10234,2
10235,9
10236,6
10237,3
10238,5
10239,1
10240,4
10241,2
10242,4
10243,4
10244,3
10245,7
10246,8
10247,3
10248,0
10249,7
10250,4
10251,0
10252,6
10253,3
10254,4
10255,6
10256,8
10257,0
10258,8
10259,1
10260,7
10261,4
10262,6
10263,1
10264,6
10265,8
10266,5
10267,9
10268,3
10269,9
10270,4
10271,1
10272,3
10273,1
10274,3
10275,6
10276,8
10277,1
10278,7
10279,5
10280,3
10281,8
10282,3
10283,0
10284,3
10285,8
10286,0
10287,8
10288,8
10289,0
10290,2
10291,2
10292,7
10293,0
10294,2
10295,7
10296,3
10297,1
10298,6
10299,2
10300,1
10301,5
10302,2
10303,1
10304,2
10305,8
10306,4
10307,6
10308,2
10309,0
10310,2
10311,0
10312,1
10313,6
10314,8
10315,2
10316,8
10317,0
10318,8
10319,2
10320,7
10321,1
10322,2
10323,6
10324,5
10325,6
10326,3
10327,9
10328,7
10329,9
10330,5
10331,0
10332,6
10333,0
10334,8
10335,5
10336,7
10337,6
10338,0
10339,2
10340,3
10341,2
10342,6
10343,9
10344,3
10345,8
10346,7
10347,8
10348,4
10349,4
10350,0
10351,3
10352,0
10353,0
10354,7
10355,4
10356,1
10357,8
10358,2
10359,0
10360,3
10361,2
10362,9
10363,6
10364,3
10365,9
10366,9
10367,4
10368,8
10369,4
10370,4
10371,4
10372,0
10373,8
10374,0
10375,2
10376,0
10377,3
10378,8
10379,1
10380,1
10381,5
10382,4
10383,3
10384,6
10385,6
10386,6
10387,2
10388,9
10389,1
10390,7
10391,7
10392,7
10393,9
10394,3
10395,4
10396,3
10397,9
10398,6
10399,3
10400,3
10401,4
10402,0
10403,8
10404,5
10405,8
10406,0
10407,9
10408,4
10409,0
10410,3
10411,2
10412,0
10413,3
10414,5
10415,4
10416,0
10417,1
10418,4
10419,5
10420,3
10421,8
10422,5
10423,1
10424,0
10425,7
10426,5
10427,3
10428,6
10429,7
10430,2
10431,8
10432,3
10433,4
10434,1
10435,6
10436,8
10437,8
10438,5
10439,1
10440,7
10441,4
10442,5
10443,2
10444,0
10445,9
10446,4
10447,3
10448,6
10449,9
10450,2
10451,2
10452,7
10453,8
10454,9
10455,7
10456,2
10457,4
10458,1
10459,6
10460,7
10461,7
10462,3
10463,2
10464,1
10465,6
10466,0
10467,9
10468,0
10469,5
10470,2
10471,7
10472,1
10473,6
10474,0
10475,4
10476,2
10477,1
10478,1
10479,1
10480,6
10481,2
10482,2
10483,9
10484,3
10485,0
10486,6
10487,8
10488,2
10489,7
10490,4
10491,6
10492,2
10493,6
10494,3
10495,3
10496,1
10497,5
10498,9
10499,7
10500,6
10501,0
10502,8
10503,4
10504,4
10505,8
10506,0
10507,1
10508,6
10509,6
10510,9
10511,2
10512,9
10513,0
10514,5
10515,4
10516,1
10517,2
10518,6
10519,2
10520,3
10521,1
10522,7
10523,4
10524,0
10525,7
10526,6
10527,3
10528,9
10529,6
10530,7
10531,1
10532,1
10533,3
10534,9
10535,4
10536,2
10537,4
10538,9
10539,1
10540,8
10541,7
10542,8
10543,2
10544,2
10545,1
10546,2
10547,7
10548,1
10549,4
10550,8
10551,1
10552,5
10553,5
10554,3
10555,9
10556,3
10557,0
10558,4
10559,3
10560,7
10561,0
10562,8
10563,8
10564,4
10565,4
10566,0
10567,7
10568,1
10569,2
10570,5
10571,2
10572,9
10573,5
10574,4
10575,4
10576,9
10577,0
10578,3
10579,4
10580,3
10581,8
10582,0
10583,1
10584,0
10585,2
10586,5
10587,8
10588,8
10589,2
10590,7
10591,3
10592,8
10593,1
10594,3
10595,8
10596,2
10597,2
10598,7
10599,6
10600,9
10601,8
10602,1
10603,7
10604,0
10605,6
10606,5
10607,6
10608,9
10609,9
10610,1
10611,3
10612,4
10613,5
10614,1
10615,4
10616,3
10617,8
10618,5
10619,6
10620,4
10621,1
10622,9
10623,7
10624,2
10625,0
10626,9
10627,6
10628,9
10629,1
10630,0
10631,2
10632,3
10633,9
10634,6
10635,8
10636,6
10637,3
10638,3
10639,5
10640,6
10641,2
10642,8
10643,2
10644,4
10645,1
10646,1
10647,6
10648,2
10649,6
10650,2
10651,4
10652,4
10653,7
10654,0
10655,7
10656,7
10657,7
10658,7
10659,9
10660,8
10661,6
10662,5
10663,2
10664,0
10665,0
10666,8
10667,8
10668,2
10669,7
10670,5
10671,0
10672,2
10673,2
10674,3
10675,7
10676,5
10677,2
10678,8
10679,8
10680,3
10681,1
10682,1
10683,9
10684,3
10685,5
10686,6
10687,6
10688,2
10689,7
10690,1
10691,1
10692,4
10693,5
10694,9
10695,3
10696,9
10697,2
10698,9
10699,0
10700,1
10701,5
10702,7
10703,8
10704,4
10705,5
10706,7
10707,9
10708,1
10709,0
10710,6
10711,6
10712,6
10713,6
10714,0
10715,6
10716,6
10717,5
10718,8
10719,5
10720,0
10721,9
10722,1
10723,1
10724,6
10725,8
10726,0
10727,5
10728,4
10729,2
10730,0
10731,5
10732,4
10733,9
10734,1
10735,6
10736,1
10737,1
10738,7
10739,8
10740,7
10741,3
10742,6
10743,0
10744,2
10745,8
10746,9
10747,3
10748,1
10749,8
10750,3
10751,2
10752,0
10753,3
10754,3
10755,8
10756,9
10757,6
10758,5
10759,0
10760,8
10761,4
10762,5
10763,3
10764,3
10765,5
10766,4
10767,6
10768,8
10769,4
10770,4
10771,0
10772,3
10773,4
10774,9
10775,4
10776,5
10777,7
10778,8
10779,6
10780,3
10781,6
10782,8
10783,0
10784,8
10785,1
10786,4
10787,2
10788,8
10789,2
10790,0
10791,3
10792,1
10793,0
10794,8
10795,3
10796,6
10797,7
10798,4
10799,0
10800,9
10801,0
10802,4
10803,8
10804,3
10805,2
10806,0
10807,6
10808,0
10809,3
10810,1
10811,0
10812,6
10813,3
10814,4
10815,6
10816,4
10817,3
10818,8
10819,6
10820,4
10821,9
10822,4
10823,6
10824,8
10825,4
10826,3
10827,0
10828,4
10829,8
10830,9
10831,0
10832,4
10833,2
10834,2
10835,4
10836,5
10837,9
10838,6
10839,6
10840,5
10841,1
10842,6
10843,1
10844,9
10845,9
10846,3
10847,6
10848,4
10849,9
10850,5
10851,9
10852,5
10853,6
10854,5
10855,5
10856,3
10857,6
10858,2
10859,0
10860,3
10861,1
10862,5
10863,3
10864,1
10865,2
10866,3
10867,8
10868,0
10869,9
10870,5
10871,6
10872,6
10873,5
10874,4
10875,8
10876,8
10877,7
10878,6
10879,4
10880,1
10881,6
10882,1
10883,1
10884,4
10885,7
10886,2
10887,8
10888,5
10889,3
10890,2
10891,1
10892,4
10893,1
10894,9
10895,8
10896,5
10897,1
10898,1
10899,8
10900,2
10901,4
10902,3
10903,4
10904,1
10905,3
10906,8
10907,7
10908,0
10909,9
10910,3
10911,3
10912,0
10913,6
10914,9
10915,6
10916,7
10917,1
10918,3
10919,9
10920,5
10921,6
10922,9
10923,1
10924,6
10925,3
10926,1
10927,0
10928,2
10929,0
10930,9
10931,2
10932,7
10933,0
10934,4
10935,9
10936,3
10937,5
10938,7
10939,6
10940,5
10941,1
10942,3
10943,5
10944,5
10945,8
10946,8
10947,5
10948,5
10949,8
10950,9
10951,0
10952,8
10953,7
10954,9
10955,1
10956,1
10957,2
10958,2
10959,5
10960,6
10961,1
10962,1
10963,1
10964,3
10965,2
10966,0
10967,5
10968,2
10969,6
10970,7
10971,3
10972,3
10973,1
10974,6
10975,0
10976,8
10977,2
10978,1
10979,0
10980,0
10981,4
10982,4
10983,8
10984,2
10985,3
10986,1
10987,2
10988,3
10989,8
10990,6
10991,5
10992,7
10993,6
10994,9
10995,8
10996,1
10997,4
10998,0
10999,4
11000,6
11001,4
11002,7
11003,7
11004,7
11005,8
11006,8
11007,1
11008,1
11009,9
11010,1
11011,8
11012,8
11013,2
11014,5
11015,9
11016,1
11017,0
11018,0
11019,3
11020,7
11021,1
11022,7
11023,6
11024,3
11025,1
11026,1
11027,0
11028,1
11029,7
11030,7
11031,5
11032,8
11033,8
11034,0
11035,4
11036,8
11037,6
11038,2
11039,3
11040,1
11041,0
11042,6
11043,3
11044,6
11045,3
11046,0
11047,4
11048,2
11049,5
11050,5
11051,7
11052,4
11053,0
11054,9
11055,8
11056,2
11057,3
11058,4
11059,1
11060,3
11061,4
11062,9
11063,4
11064,6
11065,1
11066,2
11067,5
11068,3
11069,7
11070,1
11071,9
11072,3
11073,6
11074,2
11075,3
11076,6
11077,4
11078,0
11079,3
11080,5
11081,0
11082,1
11083,4
11084,5
11085,5
11086,7
11087,8
11088,0
11089,1
11090,0
11091,4
11092,9
11093,2
11094,2
11095,0
11096,4
11097,4
11098,3
11099,6
11100,0
11101,9
11102,7
11103,4
11104,2
11105,8
11106,5
11107,4
11108,5
11109,9
11110,1
11111,4
11112,0
11113,1
11114,7
11115,1
11116,1
11117,0
11118,2
11119,1
11120,3
11121,8
11122,5
11123,5
11124,9
11125,4
11126,7
11127,0
11128,7
11129,3
11130,8
11131,7
11132,0
11133,7
11134,7
11135,7
11136,6
11137,6
11138,9
11139,7
11140,3
11141,9
11142,0
11143,5
11144,3
11145,9
11146,6
11147,4
11148,9
11149,1
11150,8
11151,8
11152,2
11153,4
11154,0
11155,8
11156,1
11157,0
11158,2
11159,8
11160,7
11161,9
11162,7
11163,7
11164,2
11165,6
11166,3
11167,2
11168,4
11169,9
11170,6
11171,9
11172,1
11173,2
11174,2
11175,9
11176,9
11177,3
11178,8
11179,0
11180,2
11181,7
11182,5
11183,0
11184,8
11185,2
11186,9
11187,3
11188,2
11189,2
11190,9
11191,0
11192,8
11193,0
11194,0
11195,0
11196,0
11197,4
11198,0
11199,2
11200,9
11201,1
11202,7
11203,3
11204,0
11205,1
11206,2
11207,3
11208,1
11209,9
11210,6
11211,1
11212,5
11213,5
11214,4
11215,9
11216,1
11217,4
11218,8
11219,4
11220,8
11221,2
11222,2
11223,5
11224,0
11225,4
11226,9
11227,2
11228,8
11229,5
11230,8
11231,2
11232,4
11233,5
11234,1
11235,6
11236,2
11237,2
11238,5
11239,9
11240,4
11241,0
11242,2
11243,5
11244,8
11245,9
11246,1
11247,4
11248,8
11249,2
11250,3
11251,3
11252,0
11253,9
11254,8
11255,6
11256,4
11257,7
11258,3
11259,3
11260,2
11261,3
11262,3
11263,7
11264,2
11265,9
11266,1
11267,3
11268,4
11269,6
11270,3
11271,6
11272,2
11273,0
11274,1
11275,4
11276,9
11277,2
11278,8
11279,4
11280,2
11281,6
11282,9
11283,1
11284,4
11285,7
11286,2
11287,0
11288,7
11289,9
11290,8
11291,4
11292,1
11293,1
11294,4
11295,0
11296,6
11297,0
11298,2
11299,1
11300,3
11301,8
11302,2
11303,2
11304,3
11305,7
11306,4
11307,9
11308,0
11309,6
11310,8
11311,0
11312,2
11313,4
11314,5
11315,9
11316,2
11317,0
11318,8
11319,5
11320,4
11321,4
11322,0
11323,3
11324,7
11325,6
11326,8
11327,6
11328,1
11329,4
11330,3
11331,3
11332,8
11333,5
11334,0
11335,1
11336,7
11337,3
11338,8
11339,5
11340,0
11341,3
11342,5
11343,5
11344,6
11345,0
11346,4
11347,6
11348,4
11349,9
11350,6
11351,1
11352,5
11353,6
11354,5
11355,8
11356,7
11357,2
11358,3
11359,4
11360,2
11361,0
11362,2
11363,3
11364,7
11365,4
11366,9
11367,2
11368,3
11369,9
11370,1
11371,9
11372,3
11373,6
11374,7
11375,9
11376,5
11377,6
11378,2
11379,5
11380,1
11381,0
11382,3
11383,6
11384,6
11385,9
11386,7
11387,7
11388,2
11389,7
11390,6
11391,7
11392,3
11393,3
11394,1
11395,1
11396,9
11397,9
11398,2
11399,1
11400,3
11401,1
11402,5
11403,0
11404,4
11405,4
11406,7
11407,7
11408,9
11409,5
11410,4
11411,4
11412,2
11413,1
11414,2
11415,0
11416,8
11417,9
11418,2
11419,6
11420,0
11421,8
11422,8
11423,5
11424,9
11425,6
11426,2
11427,0
11428,6
11429,2
11430,9
11431,7
11432,2
11433,6
11434,1
11435,2
11436,7
11437,9
11438,3
11439,9
11440,4
11441,5
11442,9
11443,6
11444,0
11445,0
11446,4
11447,9
11448,8
11449,3
11450,0
11451,6
11452,3
11453,3
11454,5
11455,8
11456,0
11457,3
11458,3
11459,9
11460,2
11461,9
11462,9
11463,0
11464,1
11465,6
11466,8
11467,6
11468,6
11469,4
11470,1
11471,8
11472,6
11473,9
11474,6
11475,5
11476,5
11477,3
11478,4
11479,1
11480,7
11481,0
11482,2
11483,0
11484,0
11485,7
11486,1
11487,3
11488,3
11489,8
11490,8
11491,0
11492,9
11493,6
11494,1
11495,7
11496,8
11497,6
11498,1
11499,1
11500,6
11501,2
11502,9
11503,2
11504,6
11505,4
11506,4
11507,4
11508,3
11509,7
11510,7
11511,9
11512,4
11513,8
11514,6
11515,2
11516,9
11517,3
11518,7
11519,7
11520,4
11521,6
11522,1
11523,6
11524,0
11525,7
11526,7
11527,0
11528,0
11529,6
11530,6
11531,7
11532,0
11533,8
11534,5
11535,9
11536,9
11537,3
11538,9
11539,0
11540,4
11541,5
11542,8
11543,8
11544,8
11545,6
11546,7
11547,2
11548,5
11549,9
11550,7
11551,8
11552,4
11553,2
11554,3
11555,3
11556,5
11557,5
11558,9
11559,9
11560,9
11561,7
11562,7
11563,9
11564,2
11565,3
11566,4
11567,1
11568,5
11569,3
11570,6
11571,2
11572,0
11573,5
11574,5
11575,6
11576,7
11577,4
11578,3
11579,3
11580,3
11581,7
11582,8
11583,7
11584,6
11585,4
11586,1
11587,5
11588,0
11589,9
11590,4
11591,1
11592,3
11593,1
11594,2
11595,9
11596,8
11597,2
11598,2
11599,8
11600,3
11601,1
11602,8
11603,1
11604,4
11605,3
11606,7
11607,4
11608,0
11609,8
11610,4
11611,0
11612,9
11613,0
11614,7
11615,3
11616,0
11617,1
11618,5
11619,3
11620,1
11621,9
11622,4
11623,5
11624,6
11625,9
11626,1
11627,9
11628,4
11629,8
11630,5
11631,0
11632,4
11633,8
11634,3
11635,4
11636,3
11637,2
11638,0
11639,0
11640,3
11641,2
11642,7
11643,3
11644,2
11645,7
11646,5
11647,4
11648,0
11649,5
11650,8
11651,6
11652,7
11653,7
11654,4
11655,8
11656,0
11657,4
11658,2
11659,4
11660,3
11661,9
11662,1
11663,1
11664,6
11665,3
11666,9
11667,1
11668,4
11669,4
11670,5
11671,1
11672,2
11673,4
11674,6
11675,9
11676,2
11677,0
11678,4
11679,8
11680,3
11681,0
11682,6
11683,9
11684,3
11685,1
11686,4
11687,1
11688,8
11689,4
11690,4
11691,0
11692,3
11693,2
11694,5
11695,1
11696,1
11697,8
11698,5
11699,6
11700,5
11701,1
11702,0
11703,5
11704,3
11705,4
11706,6
11707,8
11708,3
11709,0
11710,8
11711,9
11712,3
11713,5
11714,9
11715,8
11716,0
11717,5
11718,8
11719,5
11720,2
11721,1
11722,9
11723,8
11724,1
11725,6
11726,4
11727,5
11728,1
11729,8
11730,8
11731,9
11732,7
11733,4
11734,1
11735,6
11736,6
11737,9
11738,0
11739,7
11740,1
11741,1
11742,8
11743,2
11744,3
11745,4
11746,5
11747,8
11748,4
11749,1
11750,4
11751,9
11752,1
11753,4
11754,6
11755,0
11756,5
11757,4
11758,8
11759,5
11760,2
11761,4
11762,1
11763,3
11764,2
11765,1
11766,4
11767,6
11768,5
11769,8
11770,7
11771,7
11772,3
11773,4
11774,9
11775,2
11776,8
11777,3
11778,7
11779,4
11780,1
11781,8
11782,3
11783,6
11784,9
11785,8
11786,8
11787,3
11788,1
11789,7
11790,2
11791,7
11792,8
11793,9
11794,1
11795,2
11796,5
11797,5
11798,8
11799,1
11800,4
11801,1
11802,5
11803,1
11804,5
11805,4
11806,4
11807,0
11808,6
11809,2
11810,0
11811,6
11812,6
11813,8
11814,3
11815,3
11816,6
11817,7
11818,6
11819,9
11820,5
11821,7
11822,7
11823,1
11824,8
11825,5
11826,5
11827,6
11828,9
11829,4
11830,6
11831,0
11832,3
11833,5
11834,0
11835,7
11836,5
11837,4
11838,5
11839,5
11840,2
11841,2
11842,4
11843,9
11844,9
11845,8
11846,2
11847,8
11848,1
11849,0
11850,8
11851,0
11852,8
11853,1
11854,9
11855,5
11856,7
11857,6
11858,4
11859,8
11860,7
11861,5
11862,6
11863,4
11864,9
11865,1
11866,8
11867,1
11868,4
11869,7
11870,2
11871,8
11872,7
11873,4
11874,0
11875,2
11876,3
11877,1
11878,7
11879,5
11880,1
11881,5
11882,0
11883,0
11884,8
11885,9
11886,7
11887,7
11888,9
11889,2
11890,5
11891,3
11892,0
11893,1
11894,4
11895,3
11896,7
11897,5
11898,0
11899,3
11900,7
11901,6
11902,0
11903,0
11904,3
11905,2
11906,5
11907,0
11908,8
11909,6
11910,0
11911,6
11912,2
11913,8
11914,3
11915,7
11916,3
11917,4
11918,0
11919,3
11920,2
11921,9
11922,9
11923,2
11924,3
11925,9
11926,0
11927,6
11928,3
11929,0
11930,0
11931,0
11932,2
11933,4
11934,6
11935,9
11936,0
11937,1
11938,7
11939,5
11940,7
11941,7
11942,2
11943,2
11944,4
11945,8
11946,5
11947,6
11948,4
11949,2
11950,5
11951,3
11952,1
11953,1
11954,0
11955,1
11956,9
11957,5
11958,4
11959,0
11960,1
11961,8
11962,1
11963,9
11964,1
11965,6
11966,7
11967,9
11968,8
11969,2
11970,2
11971,0
11972,5
11973,0
11974,8
11975,6
11976,7
11977,0
11978,1
11979,5
11980,7
11981,7
11982,2
11983,2
11984,6
11985,7
11986,8
11987,6
11988,5
11989,8
11990,3
11991,4
11992,1
11993,4
11994,7
11995,4
11996,0
11997,4
11998,3
11999,0
12000,7
12001,5
12002,4
12003,1
12004,6
12005,6
12006,5
12007,6
12008,9
12009,5
12010,5
12011,5
12012,2
12013,7
12014,2
12015,3
12016,9
12017,0
12018,4
12019,7
12020,7
12021,0
12022,3
12023,3
12024,1
12025,0
12026,2
12027,9
12028,2
12029,1
12030,9
12031,7
12032,6
12033,2
12034,1
12035,4
12036,4
12037,5
12038,9
12039,7
12040,1
12041,3
12042,8
12043,4
12044,9
12045,9
12046,3
12047,9
12048,2
12049,0
12050,4
12051,3
12052,7
12053,1
12054,2
12055,8
12056,3
12057,0
12058,9
12059,9
12060,2
12061,8
12062,8
12063,7
12064,6
12065,8
12066,1
12067,8
12068,6
12069,2
12070,2
12071,4
12072,5
12073,2
12074,6
12075,3
12076,9
12077,3
12078,2
12079,3
12080,0
12081,9
12082,8
12083,2
12084,6
12085,9
12086,5
12087,9
12088,0
12089,3
12090,7
12091,5
12092,0
12093,8
12094,1
12095,4
12096,3
12097,6
12098,9
12099,3
12100,1
12101,1
12102,1
12103,5
12104,3
12105,7
12106,9
12107,2
12108,0
12109,4
12110,0
12111,3
12112,2
12113,2
12114,1
12115,3
12116,0
12117,9
12118,7
12119,0
12120,6
12121,9
12122,3
12123,8
12124,9
12125,1
12126,6
12127,0
12128,0
12129,5
12130,9
12131,8
12132,7
12133,2
12134,3
12135,6
12136,3
12137,5
12138,5
12139,9
12140,7
12141,1
12142,6
12143,9
12144,4
12145,1
12146,3
12147,6
12148,5
12149,4
12150,0
12151,7
12152,1
12153,1
12154,3
12155,7
12156,1
12157,1
12158,0
12159,4
12160,6
12161,7
12162,4
12163,9
12164,6
12165,2
12166,2
12167,5
12168,9
12169,8
12170,5
12171,4
12172,8
12173,2
12174,2
12175,2
12176,8
12177,6
12178,6
12179,1
12180,4
12181,9
12182,3
12183,6
12184,3
12185,2
12186,5
12187,9
12188,5
12189,0
12190,7
12191,6
12192,8
12193,0
12194,7
12195,2
12196,6
12197,4
12198,5
12199,3
12200,1
12201,3
12202,3
12203,2
12204,3
12205,1
12206,8
12207,6
12208,6
12209,6
12210,4
12211,3
12212,5
12213,9
12214,5
12215,6
12216,4
12217,8
12218,6
12219,7
12220,0
12221,7
12222,5
12223,3
12224,7
12225,4
12226,7
12227,3
12228,8
12229,2
12230,9
12231,9
12232,8
12233,3
12234,0
12235,0
12236,7
12237,1
12238,2
12239,7
12240,6
12241,9
12242,0
12243,5
12244,0
12245,9
12246,7
12247,6
12248,4
12249,7
12250,3
12251,1
12252,4
12253,9
12254,5
12255,2
12256,7
12257,2
12258,2
12259,7
12260,5
12261,5
12262,4
12263,2
12264,8
12265,7
12266,6
12267,2
12268,1
12269,5
12270,7
12271,0
12272,4
12273,2
12274,4
12275,8
12276,7
12277,3
12278,1
12279,7
12280,9
12281,0
12282,5
12283,7
12284,3
12285,3
12286,3
12287,7
12288,6
12289,8
12290,9
12291,3
12292,1
12293,7
12294,5
12295,2
12296,8
12297,3
12298,7
12299,0
12300,0
12301,3
12302,1
12303,7
12304,1
12305,6
12306,2
12307,5
12308,9
12309,1
12310,1
12311,9
12312,6
12313,2
12314,4
12315,1
12316,0
12317,2
12318,0
12319,7
12320,1
12321,4
12322,7
12323,9
12324,9
12325,4
12326,3
12327,6
12328,6
12329,0
12330,3
12331,0
12332,4
12333,5
12334,4
12335,0
12336,2
12337,3
12338,2
12339,3
12340,1
12341,8
12342,0
12343,1
12344,8
12345,8
12346,6
12347,4
12348,5
12349,7
12350,6
12351,4
12352,4
12353,7
12354,5
12355,8
12356,6
12357,9
12358,9
12359,6
12360,4
12361,9
12362,7
12363,8
12364,7
12365,8
12366,6
12367,1
12368,7
12369,2
12370,5
12371,6
12372,9
12373,9
12374,0
12375,0
12376,7
12377,3
12378,3
12379,7
12380,2
12381,0
12382,5
12383,3
12384,0
12385,6
12386,6
12387,2
12388,6
12389,0
12390,1
12391,3
12392,5
12393,5
12394,3
12395,3
12396,1
12397,0
12398,6
12399,8
12400,6
12401,1
12402,7
12403,7
12404,2
12405,9
12406,8
12407,5
12408,0
12409,5
12410,8
12411,6
12412,8
12413,2
12414,9
12415,2
12416,6
12417,1
12418,3
12419,3
12420,1
12421,5
12422,7
12423,2
12424,5
12425,1
12426,9
12427,4
12428,9
12429,3
12430,0
12431,0
12432,4
12433,9
12434,1
12435,4
12436,8
12437,7
12438,3
12439,3
12440,1
12441,3
12442,5
12443,4
12444,2
12445,3
12446,8
12447,1
12448,4
12449,9
12450,1
12451,6
12452,7
12453,4
12454,1
12455,7
12456,7
12457,0
12458,1
12459,3
12460,2
12461,3
12462,0
12463,9
12464,7
12465,5
12466,1
12467,2
12468,8
12469,7
12470,4
12471,2
12472,0
12473,5
12474,8
12475,9
12476,1
12477,7
12478,3
12479,1
12480,7
12481,3
12482,4
12483,1
12484,2
12485,4
12486,9
12487,6
12488,1
12489,7
12490,8
12491,1
12492,1
12493,8
12494,4
12495,1
12496,6
12497,2
12498,9
12499,5
12500,8
12501,6
12502,2
12503,1
12504,3
12505,1
12506,3
12507,2
12508,6
12509,4
12510,9
12511,9
12512,3
12513,9
12514,8
12515,5
12516,8
12517,4
12518,6
12519,5
12520,2
12521,7
12522,9
12523,5
12524,3
12525,7
12526,1
12527,1
12528,2
12529,5
12530,7
12531,2
12532,3
12533,1
12534,5
12535,8
12536,8
12537,6
12538,7
12539,2
12540,7
12541,9
12542,4
12543,0
12544,8
12545,0
12546,4
12547,9
12548,1
12549,6
12550,1
12551,1
12552,7
12553,2
12554,3
12555,5
12556,1
12557,8
12558,7
12559,7
12560,3
12561,6
12562,0
12563,7
12564,0
12565,2
12566,0
12567,0
12568,9
12569,2
12570,1
12571,0
12572,5
12573,9
12574,9
12575,0
12576,1
12577,9
12578,0
12579,1
12580,1
12581,4
12582,8
12583,6
12584,1
12585,1
12586,9
12587,1
12588,8
12589,5
12590,8
12591,3
12592,1
12593,7
12594,3
12595,2
12596,9
12597,2
12598,9
12599,3
